,topic0,topic1,topic2,topic3,topic4,topic5,topic6,project,date
hanami-tags_2014-06,342.96568360410765,0.1432725811682555,0.14328420463362934,10.522420307501461,18.460677434974304,299.70296487459643,13.061696992924196,hanami,2014-06
hanami-tags_2016-01,381.0987812544941,0.14327825011507136,0.1432696672124289,7.405442832126687,25.222583226920364,338.6154583526501,15.37118641637633,hanami,2016-01
hanami-tags_2014-01,343.82235608193344,0.14327325539645444,0.14328420018547433,10.495743797910626,18.448975719788926,299.9102120397346,13.036154904955941,hanami,2014-01
hanami-tags_2015-01,345.27540953813167,0.14328332330611881,0.14327353486569594,10.63603045237221,18.250641865216803,300.43386180430673,16.117499481705227,hanami,2015-01
hanami-tags_2015-06,376.91386477441597,0.1432805871113342,0.14327164921009738,6.6253319023949,25.458330101871685,337.1553340492097,15.560586935681975,hanami,2015-06
frappe-tags_2014-06,920.1394527651943,0.14359207656795592,0.1433048715606568,0.14345128588453585,0.14338748140816712,0.143411307122468,0.14340021213520956,frappe,2014-06
frappe-tags_2012-01,96.81500152595981,26.927943584001518,0.1433109958590262,161.56611928987616,0.14344753053167286,17.26070283748582,0.14347423624030384,frappe,2012-01
frappe-tags_2016-01,920.139384316469,0.14366738242924776,0.14330630488234414,0.1434416391923145,0.14339030370026207,0.14341084670336682,0.14339920649739035,frappe,2016-01
frappe-tags_2013-06,1322.4800601787886,0.14324970020602673,0.1433400943981608,11.802965302675203,0.14351982712074865,0.1434773695673174,0.14338752705014168,frappe,2013-06
frappe-tags_2014-01,920.1394527651943,0.14359207656795592,0.1433048715606568,0.14345128588453585,0.14338748140816712,0.143411307122468,0.14340021213520956,frappe,2014-01
frappe-tags_2012-06,920.1394527651943,0.14359207656795592,0.1433048715606568,0.14345128588453585,0.14338748140816712,0.143411307122468,0.14340021213520956,frappe,2012-06
frappe-tags_2015-01,921.1393992792848,0.14364055879640278,0.14330437553046452,0.143458576048841,0.14338689073076388,0.143410690999303,0.14339962848023788,frappe,2015-01
frappe-tags_2015-06,914.1394041052215,0.14363461716065,0.1433060214154402,0.14345003820558236,0.14338952454250128,0.143415050349828,0.14340064297913252,frappe,2015-06
frappe-tags_2013-01,1196.139652338171,0.14345592405621513,0.14330450029676073,0.1434986512299695,0.14336693183570093,0.14334150132270435,0.1433801529338313,frappe,2013-01
web2py-tags_2014-06,1165.3616320576925,0.14344267482213077,0.1433489265719745,0.14345248301633512,0.14336531595588622,0.14348108985372965,58.92127745195723,web2py,2014-06
web2py-tags_2012-01,1110.7587621629698,0.1434610012193676,0.1433490324652775,0.14346273442851873,0.14337681402153002,0.1434980372124293,56.52409021755648,web2py,2012-01
web2py-tags_2016-01,1174.035895992492,0.143441435062766,0.1433467715625949,0.14345066837243928,0.14336232778683425,0.14348481442694874,58.24701799016466,web2py,2016-01
web2py-tags_2013-06,1154.4521073195758,0.14344731830766777,0.14335293858799755,0.14345968883364005,0.14336994151266147,0.14348631888860275,58.83077647416278,web2py,2013-06
web2py-tags_2014-01,1165.3616320576925,0.14344267482213077,0.1433489265719745,0.14345248301633512,0.14336531595588622,0.14348108985372965,58.92127745195723,web2py,2014-01
web2py-tags_2012-06,1122.914519411471,0.14345066954515603,0.14334330885700472,0.14346222610649736,0.14337709951634478,0.14348890496899963,60.36835837940703,web2py,2012-06
web2py-tags_2015-01,1165.3616320576925,0.14344267482213077,0.1433489265719745,0.14345248301633512,0.14336531595588622,0.14348108985372965,58.92127745195723,web2py,2015-01
web2py-tags_2015-06,1174.035895992492,0.143441435062766,0.1433467715625949,0.14345066837243928,0.14336232778683425,0.14348481442694874,58.24701799016466,web2py,2015-06
web2py-tags_2013-01,1124.0352641935513,0.14345031642519113,0.14334438178691206,0.1434642400251353,0.14337667504655421,0.14348940150008854,60.247610791536886,web2py,2013-01
symfony-tags_2014-06,0.14311448980784242,0.1431183537865813,819.1409980548895,0.14314406736882257,0.14309575439460578,0.1434024117788217,0.14312686793655482,symfony,2014-06
symfony-tags_2012-01,0.14321894338449304,0.14330574573062715,9.959855108902596,0.14331605172809986,0.14323012945221536,477.32382267066924,0.1432513501037726,symfony,2012-01
symfony-tags_2016-01,0.14311448980784242,0.1431183537865813,819.1409980548895,0.14314406736882257,0.14309575439460578,0.1434024117788217,0.14312686793655482,symfony,2016-01
symfony-tags_2013-06,0.14311621318808337,0.1431139600355598,800.1409757808158,0.1431424050479047,0.1430852247515935,0.1434460001939661,0.14312041593054367,symfony,2013-06
symfony-tags_2014-01,0.14311544878350732,0.14311932735743227,816.1409961248658,0.1431451381888323,0.14308955115299,0.14340653593027342,0.14312787368435248,symfony,2014-01
symfony-tags_2010-06,0.14347115019751364,111.50299973363244,1187.779666159876,0.14340600304312268,0.1436608247271755,0.14329535310468977,0.14350077528242136,symfony,2010-06
symfony-tags_2011-06,0.14317844687500542,0.14329119808052204,0.14358652397990385,0.1432899421843507,0.1432010697849817,467.1402465684888,0.14320625057998382,symfony,2011-06
symfony-tags_2012-06,0.14316873529547,0.1432284035787968,228.21899474628597,0.14330335443224967,0.143207470955477,312.0648353298938,0.14326195952662682,symfony,2012-06
symfony-tags_2015-01,0.14311448980784242,0.1431183537865813,819.1409980548895,0.14314406736882257,0.14309575439460578,0.1434024117788217,0.14312686793655482,symfony,2015-01
symfony-tags_2015-06,20.547625354172006,0.14348180460699997,536.9942085301767,0.14355022683604735,0.14328187858064262,68.88464716506996,0.14320504048815677,symfony,2015-06
symfony-tags_2011-01,255.30065314652975,137.2161535943996,1147.1022510726423,0.14341290064349252,291.60286501355216,17.0760961443295,658.558568127566,symfony,2011-01
symfony-tags_2013-01,0.14311621318808337,0.1431139600355598,800.1409757808158,0.1431424050479047,0.1430852247515935,0.1434460001939661,0.14312041593054367,symfony,2013-01
express-tags_2014-06,0.14285714285714285,0.14285714285714285,0.14285714285714285,0.14285714285714285,0.14285714285714285,0.14285714285714285,0.14285714285714285,express,2014-06
express-tags_2012-01,0.14285714285714285,0.14285714285714285,0.14285714285714285,0.14285714285714285,0.14285714285714285,0.14285714285714285,0.14285714285714285,express,2012-01
express-tags_2016-01,0.14285714285714285,0.14285714285714285,0.14285714285714285,0.14285714285714285,0.14285714285714285,0.14285714285714285,0.14285714285714285,express,2016-01
express-tags_2013-06,0.14285714285714285,0.14285714285714285,0.14285714285714285,0.14285714285714285,0.14285714285714285,0.14285714285714285,0.14285714285714285,express,2013-06
express-tags_2014-01,0.14285714285714285,0.14285714285714285,0.14285714285714285,0.14285714285714285,0.14285714285714285,0.14285714285714285,0.14285714285714285,express,2014-01
express-tags_2010-06,0.14285714285714285,0.14285714285714285,0.14285714285714285,0.14285714285714285,0.14285714285714285,0.14285714285714285,0.14285714285714285,express,2010-06
express-tags_2011-06,0.14285714285714285,0.14285714285714285,0.14285714285714285,0.14285714285714285,0.14285714285714285,0.14285714285714285,0.14285714285714285,express,2011-06
express-tags_2012-06,0.14285714285714285,0.14285714285714285,0.14285714285714285,0.14285714285714285,0.14285714285714285,0.14285714285714285,0.14285714285714285,express,2012-06
express-tags_2015-01,0.14285714285714285,0.14285714285714285,0.14285714285714285,0.14285714285714285,0.14285714285714285,0.14285714285714285,0.14285714285714285,express,2015-01
express-tags_2015-06,0.14285714285714285,0.14285714285714285,0.14285714285714285,0.14285714285714285,0.14285714285714285,0.14285714285714285,0.14285714285714285,express,2015-06
express-tags_2010-01,0.14285714285714285,0.14285714285714285,0.14285714285714285,0.14285714285714285,0.14285714285714285,0.14285714285714285,0.14285714285714285,express,2010-01
express-tags_2011-01,0.14285714285714285,0.14285714285714285,0.14285714285714285,0.14285714285714285,0.14285714285714285,0.14285714285714285,0.14285714285714285,express,2011-01
express-tags_2013-01,0.14285714285714285,0.14285714285714285,0.14285714285714285,0.14285714285714285,0.14285714285714285,0.14285714285714285,0.14285714285714285,express,2013-01
pakyow-tags_2014-06,116.92758820853987,0.14336293363358774,0.14326843118824695,41.355949880044705,0.143320857289237,0.1430338091319267,0.14347588014622895,pakyow,2014-06
pakyow-tags_2012-01,31.23207852340307,35.04072267196213,0.1434898812396597,18.786198440378644,0.14354735993230647,0.14303708691877393,64.51092603615294,pakyow,2012-01
pakyow-tags_2016-01,68.90214124889108,0.14319976749375124,0.14326483780336738,26.381678499249656,0.1431922904036744,0.1430802438549263,0.14344311229138496,pakyow,2016-01
pakyow-tags_2013-06,31.23207852340307,35.04072267196213,0.1434898812396597,18.786198440378644,0.14354735993230647,0.14303708691877393,64.51092603615294,pakyow,2013-06
pakyow-tags_2014-01,111.22177265236223,0.14335768162569432,0.1432742459215883,42.06174282138689,0.14333102904098113,0.14303288893706093,0.14348868069953696,pakyow,2014-01
pakyow-tags_2012-06,31.23207852340307,35.04072267196213,0.1434898812396597,18.786198440378644,0.14354735993230647,0.14303708691877393,64.51092603615294,pakyow,2012-06
pakyow-tags_2015-01,118.41384591433072,0.14337019679695365,0.1432743443782467,40.86968176379005,0.14331948533920674,0.1430335646736397,0.14347473066486824,pakyow,2015-01
pakyow-tags_2015-06,120.78564460997066,0.14337354931828844,0.14326949332275057,40.497892299526875,0.14331303341565538,0.14303235084948085,0.14347466356988914,pakyow,2015-06
pakyow-tags_2013-01,31.23207852340307,35.04072267196213,0.1434898812396597,18.786198440378644,0.14354735993230647,0.14303708691877393,64.51092603615294,pakyow,2013-01
sinatra-tags_2014-06,0.1433196266703986,0.14327245672333433,0.1433492791323034,0.14333094807014363,0.1434152012831947,0.14335086073435999,4881.139961626895,sinatra,2014-06
sinatra-tags_2012-01,0.14329039633982904,0.14326518368035593,0.1434627365487151,0.143320648967535,0.14337953438671852,0.14337334441113575,4246.139908155254,sinatra,2012-01
sinatra-tags_2016-01,0.1433169537662864,0.1432818644315543,0.14337351332926854,0.14334134549144872,0.14340128964591445,0.14337332528932764,4919.13991170754,sinatra,2016-01
sinatra-tags_2013-06,0.14332154385330856,0.14327637216156183,0.14336611351525566,0.1433371990325317,0.14345251553440294,0.14336382608400658,4779.1398824293265,sinatra,2013-06
sinatra-tags_2014-01,0.1433206692870121,0.1432736655116445,0.1433497970835113,0.14333135494821292,0.14343182993521594,0.143352085821913,4859.139940596921,sinatra,2014-01
sinatra-tags_2010-06,0.14330874968909835,0.14321793673040875,0.14330261265176125,0.14340800090103517,0.14326538651166262,0.14327230300614827,3104.140225010226,sinatra,2010-06
sinatra-tags_2009-06,0.14331328856666342,0.14324503182445272,0.1433154929130466,0.14342164655889644,0.14391033479584386,0.14336401687440176,2990.1394301881464,sinatra,2009-06
sinatra-tags_2009-01,0.1432455667926898,0.14319373158768645,0.14320166990212818,0.14332311361873842,0.14324497190605112,0.14334888926273806,2273.140442056739,sinatra,2009-01
sinatra-tags_2011-06,0.1432761136595735,0.1432158262819878,0.1433094074437011,0.143357923707828,0.14327897471921472,0.14328088416945228,3893.1402808696866,sinatra,2011-06
sinatra-tags_2012-06,0.14329762932263407,0.14328664210282527,0.14349122717474014,0.14341741384587603,0.1433850506856179,0.1433910780270593,4485.139730958395,sinatra,2012-06
sinatra-tags_2008-01,0.1433238332169229,0.14331996389899157,0.14348005056868962,0.14341132015309022,0.14339110012908626,0.14335408604351585,5099.13971964545,sinatra,2008-01
sinatra-tags_2008-06,49.57674726713277,43.9408567653713,44.68150269213569,81.76601127104561,39.88676877985577,0.14343103926479747,6861.004682183837,sinatra,2008-06
sinatra-tags_2015-01,0.14332388779251365,0.14328722070319128,0.1433733185783048,0.14333908166385492,0.14341372249294454,0.1433735320121495,4916.139889236251,sinatra,2015-01
sinatra-tags_2015-06,0.14331705865152364,0.14328196827021752,0.14337620934656922,0.1433414543173284,0.143484036764744,0.14337331962458733,4915.139825952518,sinatra,2015-06
sinatra-tags_2010-01,0.14330313351161159,0.14319289286568956,0.14328377288656968,0.14336403110654033,0.14324777599722094,0.1433856245789566,2987.14022276879,sinatra,2010-01
sinatra-tags_2011-01,0.14330279898590012,0.14334567434784007,0.14338433065998116,0.14347757499886682,0.14336127907567847,0.14359177027681103,3658.139536571184,sinatra,2011-01
sinatra-tags_2013-01,0.1432989049186433,0.14328292426998315,0.14346430609213104,0.14341754122773345,0.14338811005111246,0.14340179615317422,4554.1397464168385,sinatra,2013-01
laravel-tags_2014-06,280.18067875988936,13.22107556062713,77.02413544363604,0.14351978231922843,0.14347975900292737,0.1435407281804899,0.14356996627241475,laravel,2014-06
laravel-tags_2012-01,183.0246313225018,0.14344210662705106,53.148113697478436,0.143447949093099,59.25350925575763,0.14347950001906443,0.1433761684694041,laravel,2012-01
laravel-tags_2016-01,190.13003577764306,0.1434344894392177,75.2816843095841,0.14339367247679252,61.01448017508437,0.143543864388124,0.14342771132422355,laravel,2016-01
laravel-tags_2013-06,283.03112002163,12.891876540998977,78.5029092477907,0.14351229543859534,0.14347967736635606,0.14353646336204962,0.14356575333950486,laravel,2013-06
laravel-tags_2014-01,280.18067875988936,13.22107556062713,77.02413544363604,0.14351978231922843,0.14347975900292737,0.1435407281804899,0.14356996627241475,laravel,2014-01
laravel-tags_2012-06,183.0246313225018,0.14344210662705106,53.148113697478436,0.143447949093099,59.25350925575763,0.14347950001906443,0.1433761684694041,laravel,2012-06
laravel-tags_2015-01,198.1419372567712,0.14342537302504324,74.42710927505988,0.14339037284844142,58.857169574078405,0.14353355827041622,0.14343458988642946,laravel,2015-01
laravel-tags_2015-06,190.13003577764306,0.1434344894392177,75.2816843095841,0.14339367247679252,61.01448017508437,0.143543864388124,0.14342771132422355,laravel,2015-06
laravel-tags_2013-01,183.66640428492184,0.14344028892715327,53.74730223860013,0.14344581611373874,59.01252906355243,0.1435038416384292,0.14337446619257652,laravel,2013-01
meteor-tags_2016-01,0.14285714285714285,0.14285714285714285,0.14285714285714285,0.14285714285714285,0.14285714285714285,0.14285714285714285,0.14285714285714285,meteor,2016-01
wildfly-tags_2014-06,0.14323242215028711,1533.1411492422299,0.14316939219495026,0.1431129292620349,0.1431074217816958,0.14308744741634677,0.1431411448802029,wildfly,2014-06
wildfly-tags_2012-01,0.14322792762714662,1440.1411693848747,0.143125674132995,0.1430989012856544,0.14310737391862668,0.1430902465828003,0.14318049148903852,wildfly,2012-01
wildfly-tags_2016-01,0.14326797032092886,1376.140570782476,0.14333398323217109,0.14326328431955251,0.14312886026653732,0.14320458078605838,0.14323053852333417,wildfly,2016-01
wildfly-tags_2013-06,0.143244298531773,1372.1411028489822,0.14317480198318594,0.14310379790779135,0.14311833051911466,0.143099721590688,0.1431562004140843,wildfly,2013-06
wildfly-tags_2014-01,0.14323290705558273,1515.141140312778,0.1431725004054532,0.14311254830587852,0.143110093696308,0.14308964506970215,0.14314199260698593,wildfly,2014-01
wildfly-tags_2010-06,0.14326797032092886,1376.140570782476,0.14333398323217109,0.14326328431955251,0.14312886026653732,0.14320458078605838,0.14323053852333417,wildfly,2010-06
wildfly-tags_2011-06,0.1432973992006769,1470.140574534417,0.1432432229302945,0.143284962620948,0.14318774039086912,0.14314029877501483,0.14327184156081596,wildfly,2011-06
wildfly-tags_2012-06,0.1432913391008394,1447.1411072643486,0.1431250149492089,0.14309898373856497,0.1431062579280138,0.1430902091655537,0.14318093067936197,wildfly,2012-06
wildfly-tags_2015-01,0.14323370635414584,1520.1411359868773,0.14317351778726767,0.14311490033969004,0.14310947135671231,0.14308964913873196,0.14314276806165355,wildfly,2015-01
wildfly-tags_2015-06,0.14324321456508052,1511.140716281067,0.14329366395913126,0.1432562901200237,0.14311753310463848,0.14316472084174328,0.14320829625896375,wildfly,2015-06
wildfly-tags_2011-01,0.14326797032092886,1376.140570782476,0.14333398323217109,0.14326328431955251,0.14312886026653732,0.14320458078605838,0.14323053852333417,wildfly,2011-01
wildfly-tags_2013-01,0.143244298531773,1372.1411028489822,0.14317480198318594,0.14310379790779135,0.14311833051911466,0.143099721590688,0.1431562004140843,wildfly,2013-01
nodal-tags_2016-01,0.14285714285714285,0.14285714285714285,0.14285714285714285,0.14285714285714285,0.14285714285714285,0.14285714285714285,0.14285714285714285,nodal,2016-01
nodal-tags_2015-06,0.14285714285714285,0.14285714285714285,0.14285714285714285,0.14285714285714285,0.14285714285714285,0.14285714285714285,0.14285714285714285,nodal,2015-06
sails-tags_2014-06,0.14285714285714285,0.14285714285714285,0.14285714285714285,0.14285714285714285,0.14285714285714285,0.14285714285714285,0.14285714285714285,sails,2014-06
sails-tags_2016-01,0.14285714285714285,0.14285714285714285,0.14285714285714285,0.14285714285714285,0.14285714285714285,0.14285714285714285,0.14285714285714285,sails,2016-01
sails-tags_2013-06,0.14285714285714285,0.14285714285714285,0.14285714285714285,0.14285714285714285,0.14285714285714285,0.14285714285714285,0.14285714285714285,sails,2013-06
sails-tags_2014-01,0.14285714285714285,0.14285714285714285,0.14285714285714285,0.14285714285714285,0.14285714285714285,0.14285714285714285,0.14285714285714285,sails,2014-01
sails-tags_2012-06,0.14285714285714285,0.14285714285714285,0.14285714285714285,0.14285714285714285,0.14285714285714285,0.14285714285714285,0.14285714285714285,sails,2012-06
sails-tags_2015-01,0.14285714285714285,0.14285714285714285,0.14285714285714285,0.14285714285714285,0.14285714285714285,0.14285714285714285,0.14285714285714285,sails,2015-01
sails-tags_2015-06,0.14285714285714285,0.14285714285714285,0.14285714285714285,0.14285714285714285,0.14285714285714285,0.14285714285714285,0.14285714285714285,sails,2015-06
sails-tags_2013-01,0.14285714285714285,0.14285714285714285,0.14285714285714285,0.14285714285714285,0.14285714285714285,0.14285714285714285,0.14285714285714285,sails,2013-01
derby-tags_2014-06,0.14285714285714285,0.14285714285714285,0.14285714285714285,0.14285714285714285,0.14285714285714285,0.14285714285714285,0.14285714285714285,derby,2014-06
derby-tags_2012-01,0.14285714285714285,0.14285714285714285,0.14285714285714285,0.14285714285714285,0.14285714285714285,0.14285714285714285,0.14285714285714285,derby,2012-01
derby-tags_2016-01,0.14285714285714285,0.14285714285714285,0.14285714285714285,0.14285714285714285,0.14285714285714285,0.14285714285714285,0.14285714285714285,derby,2016-01
derby-tags_2013-06,0.14285714285714285,0.14285714285714285,0.14285714285714285,0.14285714285714285,0.14285714285714285,0.14285714285714285,0.14285714285714285,derby,2013-06
derby-tags_2014-01,0.14285714285714285,0.14285714285714285,0.14285714285714285,0.14285714285714285,0.14285714285714285,0.14285714285714285,0.14285714285714285,derby,2014-01
derby-tags_2011-06,0.14285714285714285,0.14285714285714285,0.14285714285714285,0.14285714285714285,0.14285714285714285,0.14285714285714285,0.14285714285714285,derby,2011-06
derby-tags_2012-06,0.14285714285714285,0.14285714285714285,0.14285714285714285,0.14285714285714285,0.14285714285714285,0.14285714285714285,0.14285714285714285,derby,2012-06
derby-tags_2015-01,0.14285714285714285,0.14285714285714285,0.14285714285714285,0.14285714285714285,0.14285714285714285,0.14285714285714285,0.14285714285714285,derby,2015-01
derby-tags_2015-06,0.14285714285714285,0.14285714285714285,0.14285714285714285,0.14285714285714285,0.14285714285714285,0.14285714285714285,0.14285714285714285,derby,2015-06
derby-tags_2013-01,0.14285714285714285,0.14285714285714285,0.14285714285714285,0.14285714285714285,0.14285714285714285,0.14285714285714285,0.14285714285714285,derby,2013-01
flask-tags_2014-06,428.53607597232354,14.553126223865041,0.14345753959069166,37.337052908182336,0.14329621317403532,0.14345427279439793,0.14353686998547063,flask,2014-06
flask-tags_2012-01,420.3056238371445,15.305044634591548,0.14347118255767793,31.815551773374615,0.14329465432142388,0.14347628545016194,0.14353763247751677,flask,2012-01
flask-tags_2016-01,556.8406779088572,0.1434683364511703,84.82847825011844,167.6075574271946,39.29308444369759,0.1433213905747887,0.14341224295262558,flask,2016-01
flask-tags_2013-06,421.150968586642,14.839828136659479,0.1434565898522732,40.43547684637583,0.14328729041644922,0.1434518234401145,0.14353072653083074,flask,2013-06
flask-tags_2014-01,421.61062881782794,14.934854975495856,0.1434617046465253,36.88076472876862,0.14329031585751156,0.14346301622612476,0.1435364410951116,flask,2014-01
flask-tags_2010-06,1485.9962242781598,89.14182978633346,633.4376714661684,174.75339295775657,63.55081104853484,0.1432948077927757,530.9767756546461,flask,2010-06
flask-tags_2011-06,580.1717711746048,0.14350895436486333,39.29887281821958,77.95557117900977,0.14357140763428555,0.14329838578870058,0.14340608024818466,flask,2011-06
flask-tags_2012-06,418.6639260890951,15.131484173685019,0.14345684357269978,41.63088084793161,0.14328623212885164,0.1434440253246047,0.14352178817931766,flask,2012-06
flask-tags_2015-01,563.6112618191762,0.14347666244200658,80.82451025318171,130.7160732749993,40.41795325884591,0.14330786478940505,0.14341686641310095,flask,2015-01
flask-tags_2015-06,559.3186918499415,0.1434776397549183,84.72878781852592,144.50081413732494,42.02147631160446,0.14332679744008625,0.14342544525623174,flask,2015-06
flask-tags_2011-01,577.3961025690262,0.1435073405825187,34.130910142821946,79.8992008666927,0.1435655033361569,0.14330460811118198,0.1434089693026998,flask,2011-01
flask-tags_2013-01,418.6639260890951,15.131484173685019,0.14345684357269978,41.63088084793161,0.14328623212885164,0.1434440253246047,0.14352178817931766,flask,2013-01
rails-tags_2014-06,103.18872789713681,286.87731241909796,110.974826111185,0.14355074973274778,0.14353028758455297,0.1432274097202472,581.5288251252966,rails,2014-06
rails-tags_2012-01,29.711501518725715,229.01097940270736,0.1435967468065032,9.046289684671395,27.297690779661448,0.1433049865720518,6.646636880781666,rails,2012-01
rails-tags_2006-06,3.0491185449189295,87.39334405399244,0.14311549576552993,31.985185040879884,0.14299746117783094,0.1431726278664143,0.14306677537516832,rails,2006-06
rails-tags_2016-01,97.43093814623198,290.45245017880046,122.45422177146425,0.14349134186202256,0.1435384573244917,0.14321351359118206,577.2321465904987,rails,2016-01
rails-tags_2013-06,16.13609447390838,252.1082157749746,8.205964133396959,9.363915918428212,37.89894955504564,0.14332467616212913,0.14353546800818526,rails,2013-06
rails-tags_2005-06,3.3972689481172225,85.67316770839896,0.14313483306949434,31.357108912286375,0.1430037857444869,0.14317361378072385,0.14314219857899638,rails,2005-06
rails-tags_2014-01,102.32454649366417,279.16379254811926,106.24222240075527,0.14348704246210436,0.14353417071866373,0.14321412629434765,579.8392032177634,rails,2014-01
rails-tags_2010-06,52.52051559836211,177.2541772874225,0.14362872924317807,0.14338996512745517,0.1434746691700769,0.14344307631555564,14.651370674313027,rails,2010-06
rails-tags_2009-06,1.4226920842241726,80.84478983177219,0.14333068640605973,34.61585002156167,0.14301927044985108,1.687233508812766,0.14308459673652613,rails,2009-06
rails-tags_2009-01,1.4226920842241726,80.84478983177219,0.14333068640605973,34.61585002156167,0.14301927044985108,1.687233508812766,0.14308459673652613,rails,2009-01
rails-tags_2011-06,32.90048692615053,200.73247819603972,0.14360550022577123,0.1435838864158342,13.593191921662465,0.14341282990390014,7.343240739536127,rails,2011-06
rails-tags_2012-06,21.67124657096033,214.73774808618515,6.348279434532921,8.245767860357912,28.71001374110701,0.14333750020768332,0.1436068065802437,rails,2012-06
rails-tags_2008-01,2.9727857154822193,85.45932070307718,0.14310997850643348,33.99563021309251,0.14299479359124503,0.14314195342231628,0.14301664280393597,rails,2008-01
rails-tags_2007-06,3.0491185449189295,87.39334405399244,0.14311549576552993,31.985185040879884,0.14299746117783094,0.1431726278664143,0.14306677537516832,rails,2007-06
rails-tags_2006-01,3.3854981640837276,87.19270144856685,0.1431317226545722,33.84935531201047,0.1430051527335984,0.14316796249888722,0.14314023742738233,rails,2006-01
rails-tags_2008-06,2.908471235352975,80.57381457767382,0.14311416778869296,33.94538771869651,0.1429958026661473,0.14314362887225116,0.14307286892524607,rails,2008-06
rails-tags_2005-01,0.14329020679631907,58.33059327056872,6.350222889604013,21.40220054361142,36.62082846785929,0.14317398167747608,68.00969063983004,rails,2005-01
rails-tags_2015-01,102.92379834662266,287.34524419157543,109.50004848487013,0.14355030241416003,0.1435312671406737,0.14322867541087222,580.8005987317206,rails,2015-01
rails-tags_2015-06,101.90602427833642,288.84406895060357,108.19564951808972,0.1435514845664436,0.14353060524080882,0.14322793445318568,591.6239472284628,rails,2015-06
rails-tags_2007-01,3.0491185449189295,87.39334405399244,0.14311549576552993,31.985185040879884,0.14299746117783094,0.1431726278664143,0.14306677537516832,rails,2007-01
rails-tags_2010-01,1.4226920842241726,80.84478983177219,0.14333068640605973,34.61585002156167,0.14301927044985108,1.687233508812766,0.14308459673652613,rails,2010-01
rails-tags_2011-01,44.91632709238069,207.3400869547973,0.14363927086792674,0.14348645419675765,12.736926620186125,0.14347096795071587,20.576062639546617,rails,2011-01
rails-tags_2013-01,16.954491581423326,250.45468205000515,7.391065102928496,7.656637816990334,38.256257175337446,0.14331836139334536,0.14354791184537152,rails,2013-01
ninja-tags_2014-06,0.14340934003596653,871.1396654374412,0.14337376857202913,0.14335203754877662,0.1434653542977743,0.143238062647177,0.14349599938070537,ninja,2014-06
ninja-tags_2016-01,0.14353790995780208,705.1393041964819,0.1433110502603417,0.14335053000226328,0.1436188757950616,0.14330384774812968,0.1435735896788419,ninja,2016-01
ninja-tags_2013-06,0.14354447671402465,1123.0170845510338,0.143416414818745,0.14324906490098321,0.1435147525274772,0.14334517447260392,114.26584556538772,ninja,2013-06
ninja-tags_2014-01,0.14339262594035976,859.1396437091747,0.14337981868929603,0.1433583775853989,0.14347104121634613,0.14324319262141416,0.14351123469864946,ninja,2014-01
ninja-tags_2015-01,0.14355833354111902,704.1392801274623,0.1433116237557197,0.14335118611042919,0.14361977313130667,0.14330449754322516,0.14357445838043006,ninja,2015-01
ninja-tags_2015-06,0.14353790995780208,705.1393041964819,0.1433110502603417,0.14335053000226328,0.1436188757950616,0.14330384774812968,0.1435735896788419,ninja,2015-06
ninja-tags_2013-01,0.14355510058013993,1136.9434717779732,0.14341481140730708,0.14324894938249844,0.14350852875031858,0.14334313025112339,112.33945770150886,ninja,2013-01
CodeIgniter-tags_2014-06,0.1434573024316454,0.14338695107754906,0.14342106377026284,0.1433190033611167,4422.139659196594,0.1434255813460102,0.14333090095086973,CodeIgniter,2014-06
CodeIgniter-tags_2012-01,0.14336031299744437,0.1432655468122919,0.14331900315231277,0.14327173103288346,4993.140136943399,0.1433864529392722,0.143260009138412,CodeIgniter,2012-01
CodeIgniter-tags_2016-01,0.1434431776781232,85.50410015518517,0.14345381371289323,0.14339678769825467,4546.778749361006,0.14346797819995621,0.14338872593222146,CodeIgniter,2016-01
CodeIgniter-tags_2013-06,0.1434112424777502,0.14339349470569612,0.14341702229618555,0.1433200418696774,4358.1396795428955,0.1434351278508211,0.14334352743948323,CodeIgniter,2013-06
CodeIgniter-tags_2014-01,0.143406217895862,0.1433883572359568,0.14340845047267284,0.14332213982192762,4401.139711418546,0.1434307200537635,0.1433326955021402,CodeIgniter,2014-01
CodeIgniter-tags_2010-06,0.1432349457610863,0.14320018292679226,0.14326749473315628,0.14321953430221204,4303.140615285488,0.14322645364981829,0.14323610275977236,CodeIgniter,2010-06
CodeIgniter-tags_2009-06,0.14316649174760382,0.1431726946700834,0.1432845308032563,0.14321178513946034,3901.1407432354854,0.14319323810715248,0.14322802373196145,CodeIgniter,2009-06
CodeIgniter-tags_2009-01,0.1431707505873731,0.14316909161134994,0.14324454341856685,0.14321515306108681,3846.1407737640243,0.1431975879620173,0.14322910902924663,CodeIgniter,2009-01
CodeIgniter-tags_2011-06,0.14328068187234816,0.14320842626903826,0.143305310265317,0.1432497471020126,4375.140302865725,0.14338871070782133,0.14326425765768994,CodeIgniter,2011-06
CodeIgniter-tags_2012-06,53.10845706719021,0.1434124326172922,0.14342314693181954,0.1433617298678738,3066.1744832341565,0.14348881890998685,0.14337356997463596,CodeIgniter,2012-06
CodeIgniter-tags_2008-01,0.14342760281865505,0.14322068804195595,0.14329694568092607,0.14334400488900867,2679.1400503296554,0.14329607887653567,0.14336434977327714,CodeIgniter,2008-01
CodeIgniter-tags_2007-06,0.14339236512851103,0.1432355118227073,0.14333814941245868,0.14337483778639942,2254.140033071911,0.14329936540900273,0.143326698315826,CodeIgniter,2007-06
CodeIgniter-tags_2008-06,0.14321948662495795,0.14318310697015318,0.14323529409919672,0.14321222758157623,3554.140697883023,0.143194064676493,0.14325793672980167,CodeIgniter,2008-06
CodeIgniter-tags_2015-01,0.14343835945325012,78.67661527743043,0.14341443998723918,0.1433920230717253,4504.606353756342,0.14342399184262508,0.14336215129439267,CodeIgniter,2015-01
CodeIgniter-tags_2015-06,0.14344720651075885,84.50427236856605,0.14345887943446867,0.1434034348421195,4467.778553826368,0.14347192131475717,0.14339236238031522,CodeIgniter,2015-06
CodeIgniter-tags_2007-01,0.14338499157845663,0.14323537178268306,0.14333643299260762,0.14337212594838838,2238.1400438215032,0.14330170949197482,0.14332554649141088,CodeIgniter,2007-01
CodeIgniter-tags_2010-01,0.14316613373502368,0.14317520480180843,0.1432883526322991,0.14321170564977198,3930.140744403533,0.14319227031297763,0.14322192901185815,CodeIgniter,2010-01
CodeIgniter-tags_2011-01,0.14323934347714445,0.14320262774034742,0.14327349269631406,0.1432410688897492,4293.140560611687,0.14323123631528953,0.14325161880983772,CodeIgniter,2011-01
CodeIgniter-tags_2013-01,0.14341110998136095,0.14338942926194206,0.14346749642191312,0.1433268171400263,4302.139598984547,0.1434559416460894,0.14335022053496707,CodeIgniter,2013-01
mean-tags_2014-06,0.14285714285714285,0.14285714285714285,0.14285714285714285,0.14285714285714285,0.14285714285714285,0.14285714285714285,0.14285714285714285,mean,2014-06
mean-tags_2016-01,0.14285714285714285,0.14285714285714285,0.14285714285714285,0.14285714285714285,0.14285714285714285,0.14285714285714285,0.14285714285714285,mean,2016-01
mean-tags_2013-06,0.14285714285714285,0.14285714285714285,0.14285714285714285,0.14285714285714285,0.14285714285714285,0.14285714285714285,0.14285714285714285,mean,2013-06
mean-tags_2014-01,0.14285714285714285,0.14285714285714285,0.14285714285714285,0.14285714285714285,0.14285714285714285,0.14285714285714285,0.14285714285714285,mean,2014-01
mean-tags_2015-01,0.14285714285714285,0.14285714285714285,0.14285714285714285,0.14285714285714285,0.14285714285714285,0.14285714285714285,0.14285714285714285,mean,2015-01
mean-tags_2015-06,0.14285714285714285,0.14285714285714285,0.14285714285714285,0.14285714285714285,0.14285714285714285,0.14285714285714285,0.14285714285714285,mean,2015-06
cakephp-tags_2014-06,421.14096634348346,0.14326871753794643,0.1432743080647259,0.14308410329220236,0.143183286530901,0.14317382130542983,0.1430494197578775,cakephp,2014-06
cakephp-tags_2012-01,419.14135827935326,0.14320951704440565,0.1431306890740253,0.1430794469237572,0.1431417931804682,0.14303997138613242,0.14304030301495207,cakephp,2012-01
cakephp-tags_2006-06,476.14102793723094,0.14327474185869044,0.1432048327348073,0.14310280412172083,0.143222721443935,0.1430972824608733,0.14306968011766383,cakephp,2006-06
cakephp-tags_2016-01,419.14136115824476,0.14320709594784997,0.14313068876679866,0.14307944682626822,0.14314133673695156,0.14303997051081302,0.14304030294402267,cakephp,2016-01
cakephp-tags_2013-06,420.14095600129184,0.14327547652404404,0.14327532390707,0.1430846505566857,0.1431840768921145,0.14317458823904572,0.14304988256199164,cakephp,2013-06
cakephp-tags_2005-06,406.14063092808846,0.1434869237947419,0.14333821209667708,0.1431055116791099,0.1432379680431416,0.14312307749182737,0.14307737876390886,cakephp,2005-06
cakephp-tags_2014-01,419.14136115824476,0.14320709594784997,0.14313068876679866,0.14307944682626822,0.14314133673695156,0.14303997051081302,0.14304030294402267,cakephp,2014-01
cakephp-tags_2010-06,450.1411671254932,0.14324957788431802,0.14315962941179503,0.14309241908584436,0.14320652590548089,0.14308264900403447,0.14304207318938317,cakephp,2010-06
cakephp-tags_2009-06,466.141043437883,0.14325247152912163,0.14317898708022012,0.1431005892640959,0.14325534445611837,0.14311171978765913,0.1430574499700494,cakephp,2009-06
cakephp-tags_2009-01,466.141043437883,0.14325247152912163,0.14317898708022012,0.1431005892640959,0.14325534445611837,0.14311171978765913,0.1430574499700494,cakephp,2009-01
cakephp-tags_2011-06,431.1413934840136,0.1432054815846494,0.1431144713119849,0.14307706672854986,0.14313618809045636,0.14303483044382426,0.14303847780426288,cakephp,2011-06
cakephp-tags_2012-06,419.14136115824476,0.14320709594784997,0.14313068876679866,0.14307944682626822,0.14314133673695156,0.14303997051081302,0.14304030294402267,cakephp,2012-06
cakephp-tags_2008-01,463.1410583277075,0.1432556578830168,0.1431798491412632,0.1430932556057024,0.1432423642891634,0.14311236726343265,0.143058178082708,cakephp,2008-01
cakephp-tags_2007-06,478.14103704910156,0.1432716294050761,0.1432033511663031,0.14310176265540156,0.14322116223936887,0.14309626480998341,0.14306878059058256,cakephp,2007-06
cakephp-tags_2006-01,417.14117298828415,0.14326658861640548,0.14317607405894564,0.14308240053892052,0.1431672319825636,0.14306724928803272,0.14306746720352764,cakephp,2006-01
cakephp-tags_2008-06,465.1410447532538,0.14325178768781616,0.14317843844431216,0.1431007664293037,0.14325569163362087,0.1431112584515009,0.14305730406984898,cakephp,2008-06
cakephp-tags_2015-01,419.14136115824476,0.14320709594784997,0.14313068876679866,0.14307944682626822,0.14314133673695156,0.14303997051081302,0.14304030294402267,cakephp,2015-01
cakephp-tags_2015-06,419.14136115824476,0.14320709594784997,0.14313068876679866,0.14307944682626822,0.14314133673695156,0.14303997051081302,0.14304030294402267,cakephp,2015-06
cakephp-tags_2007-01,476.14102793723094,0.14327474185869044,0.1432048327348073,0.14310280412172083,0.143222721443935,0.1430972824608733,0.14306968011766383,cakephp,2007-01
cakephp-tags_2010-01,446.1411305025481,0.1432840937763217,0.14316191777291903,0.14308858655457554,0.14320701283550408,0.14308413661682337,0.14304374987284454,cakephp,2010-01
cakephp-tags_2011-01,431.14131818588146,0.14327332120696973,0.14311447402908636,0.14308216936281826,0.14313853547840935,0.14303483492524052,0.14303847909153727,cakephp,2011-01
cakephp-tags_2013-01,382.14136702960275,0.14321806963386474,0.14312816946498133,0.14305549617610236,0.14314522402587207,0.1430453403642239,0.1430406707121335,cakephp,2013-01
django-tags_2014-06,0.1433900829529795,0.14330023750873072,0.1433227134504205,2039.1400257572398,0.14330016886653463,0.14338599330421342,0.1432750464633252,django,2014-06
django-tags_2012-01,0.1433088491264138,0.14324599720375453,0.14329185713373221,1961.1403506625013,0.1432549856154243,0.14327718123284228,0.143270467014779,django,2012-01
django-tags_2006-06,0.14336382864781214,0.1434601581587989,14.869082587150931,2036.4139748951766,0.14335913785636373,0.14335803862725818,0.14340135411523802,django,2006-06
django-tags_2016-01,0.14342858048464996,0.14330221272575616,0.1433213240812799,2060.139989777424,0.14329907995975188,0.14338394839426133,0.1432750767129022,django,2016-01
django-tags_2013-06,0.14340584647318255,0.14327320280900016,0.14333225338413053,1982.1400878065242,0.14330440537395825,0.14333823882663732,0.1432582464254859,django,2013-06
django-tags_2014-01,0.1433568815774865,0.14326986464302596,0.1433230354981679,2033.1401731917886,0.14330089598203138,0.14332284225727873,0.14325328806609516,django,2014-01
django-tags_2010-06,0.14329967325791151,0.14328305497381072,0.1433088576624348,1653.1401897859803,0.14319674122900225,0.14327610491463494,0.14344578182422985,django,2010-06
django-tags_2009-06,0.14326701843014508,0.14327122698256728,0.14328313520723876,1674.1403643751669,0.14319084095756926,0.14326329709718527,0.14336010601206955,django,2009-06
django-tags_2009-01,0.14321726389877576,0.1432389026583572,0.14327261594151272,1616.1405405581615,0.14317467443852133,0.1432058585643143,0.14335012620004103,django,2009-01
django-tags_2011-06,0.14332463735488815,0.1432438956454997,0.1432541592315429,1941.1403909053563,0.14322960771074453,0.1432836744235674,0.14327312010714063,django,2011-06
django-tags_2012-06,0.14332735521842216,0.14325124737687608,0.14330396531405737,2005.1402314047311,0.14327712126367564,0.1433310370756645,0.1432778688375768,django,2012-06
django-tags_2008-01,0.14324326761957704,0.14322257725364712,0.14329392095208196,1832.1404927014632,0.14324973788965883,0.14323899945881965,0.14325879520795762,django,2008-01
django-tags_2007-06,0.14324326761957704,0.14322257725364712,0.14329392095208196,1832.1404927014632,0.14324973788965883,0.14323899945881965,0.14325879520795762,django,2007-06
django-tags_2006-01,0.14333504297208116,0.14342886607423408,14.605858418227191,1996.6773060334938,0.14333817491066012,0.1433411200857899,0.14339234399822293,django,2006-01
django-tags_2008-06,0.14319493075413015,0.1432144046824393,0.14326969745180654,1511.1406528619661,0.143178277492877,0.1432105253065864,0.1432793022223733,django,2008-06
django-tags_2015-01,0.14339430656014135,0.1432997833327653,0.14332234168228436,2047.1400230681606,0.1432989900633419,0.1433853986295308,0.14327611135619062,django,2015-01
django-tags_2015-06,0.14346073284460434,0.14330443400026396,0.14332312609984754,2050.1399499784425,0.1432992655509404,0.14338608586114346,0.14327637698676507,django,2015-06
django-tags_2007-01,0.1432466837622303,0.14321726210160932,0.14328948324320762,1816.140507845953,0.14324181222064056,0.14324073930002,0.143256173264877,django,2007-01
django-tags_2010-01,0.14328115455197482,0.14327638134835918,0.14330536171119282,1618.140223478424,0.1431989189047289,0.14327278942404223,0.1434419154801529,django,2010-01
django-tags_2011-01,0.14332073177570592,0.14325059367234333,0.14327804343807618,1908.1403525218298,0.14322986278389918,0.14328039092535766,0.14328785539984415,django,2011-01
django-tags_2013-01,0.14334355331004348,0.14326545467965715,0.1433325728284842,2057.1401587113514,0.1433031879371248,0.14333023808399162,0.14326628161486316,django,2013-01
