index,topic0,topic1,topic2,topic3,topic4,topic5,topic6,topic7,topic8,topic9,topic10,topic11,topic12,topic13,topic14,topic15,topic16,topic17,topic18,topic19,topic20,topic21,topic22,topic23,topic24,topic25,topic26,topic27,topic28,topic29,topic30,topic31,topic32,topic33,topic34,topic35,topic36,topic37,topic38,topic39,project,date
0hh1,0.025000000000000005,68.41647466680934,0.025,0.025,65.95192876050521,0.025000000000000005,0.025000000000000005,45.7065028637173,0.025000000000000005,513.4013402860169,0.025,0.025,1962.8101366033763,0.025,0.025,0.025,0.025,0.025,0.025000000000000005,0.025,0.025000000000000005,0.025,0.025000000000000005,0.025000000000000005,71.18060191531436,95.59406899605884,0.025,0.025000000000000005,12.587601508614524,0.025,0.025000000000000005,0.025,0.025,0.025,0.025000000000000005,0.025,803.5763443979372,0.025000000000000005,0.025,0.025000000000000005,0hh1,2016-01
2048,0.025,0.025,0.025,0.025000000000000005,0.025,0.025,0.025000000000000005,0.025,0.025,129.77934468570132,0.025,0.025,355.2318385841295,0.025,0.025,0.025,0.025,0.025,0.025,0.025,0.025,0.025,0.025,0.025,0.025,9.063816729996319,0.025,0.025,0.025,0.025,0.025000000000000005,0.025,0.025000000000000005,0.025,0.025000000000000005,0.025,0.025,0.025,0.025,0.025,2048,2016-01
AtomicGameEngine,716.0981528143948,0.025000000000000005,0.025000000000000005,0.025000000000000005,4226.044826428158,176.65128952989593,5293.095492742604,416.0085337317948,0.025000000000000005,0.025000000000000005,0.025,5.833884261887977,0.025000000000000005,0.025,0.025,146.79214692488418,0.025000000000000005,0.025000000000000005,4105.138114317853,0.025,606.2941812073825,0.025,0.025000000000000005,501387.0256709316,2.3680037771896214,0.025000000000000005,0.025000000000000005,0.025000000000000005,14.01084177843695,0.025000000000000005,5.261059534068561,0.025000000000000005,6.314599976999031,0.025,0.025000000000000005,0.025,0.025000000000000005,3596.2660632662246,0.025,574.197138535751,AtomicGameEngine,2016-01
BEMSimpleLineGraph,0.025000000000000005,29.972902967672844,394.98274750614854,0.025000000000000005,0.025,0.025000000000000005,35.360797009597576,0.025000000000000005,0.025,0.025000000000000005,0.025,17.665581125531,0.025000000000000005,0.025,0.025,40.36684081729545,0.025,0.025000000000000005,47.8360868904356,0.025,0.025000000000000005,0.025,0.025000000000000005,0.025,0.025000000000000005,0.025000000000000005,0.025,14.422139857202474,0.025000000000000005,2267.2011031580473,0.025000000000000005,748.8804571976762,0.025000000000000015,0.025,39.56134346777043,0.025,0.025,0.025000000000000005,0.025,0.025000000000000005,BEMSimpleLineGraph,2016-01
BrowserQuest,0.025000000000000005,0.025,0.025,0.025000000000000005,6607.266246038794,0.025000000000000005,0.025000000000000005,1179.3501800448157,784.6083828740965,3241.7623920748943,0.025,0.025000000000000005,1812.2208063959984,0.025,0.025,0.025000000000000005,0.025000000000000005,248.25160275394467,0.025000000000000005,0.025,0.025000000000000005,0.025,52.88714145290758,0.025000000000000005,0.025000000000000005,0.025,40.591920782217144,0.025000000000000005,0.025000000000000005,0.025000000000000005,0.025000000000000005,0.025000000000000005,186.447901497349,0.025,0.025000000000000005,0.025,381.69088752952587,352.1975385460069,0.025,0.025000000000000005,BrowserQuest,2016-01
CNTK,0.025000000000000005,0.025000000000000005,0.025000000000000005,0.025000000000000005,129.63435783602839,0.025000000000000005,0.025000000000000005,0.025000000000000005,0.025000000000000005,0.025,0.025,0.025000000000000005,0.025000000000000005,0.025,0.025,34.74535475231992,0.025,0.025000000000000005,0.025000000000000005,0.025,59775.02760344978,0.025,0.025000000000000005,0.025000000000000005,642.5757231680069,697.9024222440083,105.26453852180413,0.025000000000000005,0.025000000000000005,0.025000000000000005,0.025000000000000005,0.025000000000000005,0.025000000000000005,0.025,0.025000000000000005,0.025,0.025000000000000005,0.025000000000000005,0.025,0.025,CNTK,2016-01
Caret,48.58044386335864,0.025000000000000005,0.025000000000000005,565.1847771579914,1345.8447206702144,0.18015897306969647,2623.5920428436325,0.025000000000000005,962.8927872010146,0.025000000000000005,0.025,0.025000000000000005,0.025000000000000005,0.025,0.025,2090.8582558112203,79.4584808002123,447.4698516394728,0.025000000000000005,0.025,0.025000000000000005,0.025,149.86797844882835,594.0486942269325,0.025000000000000005,43.858193387710216,212.60386020830788,82.12422854172077,118.45706292958322,62.861097397904466,0.025000000000000005,204.6452430829295,1032.6109327169543,0.025,35.36725094132201,0.025,124834.99393909915,0.025000000000000005,0.025,0.025000000000000005,Caret,2016-01
Chart.js,0.025,0.025000000000000005,27085.67095620872,478.9038144017868,0.025000000000000005,0.025000000000000005,0.025000000000000005,0.025000000000000005,479.18034603523427,0.025,0.025,471.20342257692784,2328.9190792280283,0.025,0.025,0.025,17.05561594596578,0.025000000000000005,0.025000000000000005,0.025,0.025000000000000005,0.025,0.025,0.025,0.025,0.025000000000000005,0.025,0.025000000000000005,0.025000000000000005,0.025000000000000005,0.025000000000000005,14.241765591917352,0.025,0.025,0.025000000000000005,0.025,0.025000000000000005,0.025000000000000005,0.025,0.025,Chart.js,2016-01
CodeIgniter,0.025000000000000005,0.025000000000000005,13.272066351868686,0.025,0.025000000000000005,3426.1693215685273,0.025,0.025000000000000005,0.025,0.025000000000000005,0.025,0.025000000000000005,0.025000000000000005,0.025,0.025,0.025000000000000005,30.575274687835147,846.3665281003861,15010.506145551113,0.025,0.025,0.025,0.025,1562.9120505272188,0.025,0.025,0.025,0.025,0.025,0.025000000000000005,0.025000000000000005,0.025000000000000005,0.025,0.025,0.025,0.025,2167.1307987671125,5515.308516696756,0.025,725.98429773647,CodeIgniter,2016-01
Dash,0.025000000000000005,0.025000000000000005,0.025000000000000005,0.025000000000000005,0.025000000000000005,0.025000000000000005,0.025000000000000005,0.025000000000000005,0.025000000000000005,0.025000000000000005,0.025,0.025000000000000005,0.025000000000000005,0.025,0.025,87399.02499996596,0.025000000000000005,0.025000000000000005,0.025000000000000005,0.025,0.025000000000000005,0.025,0.025000000000000005,0.025000000000000005,0.025000000000000005,0.025000000000000005,0.025000000000000005,0.025000000000000005,0.025000000000000005,0.025000000000000005,0.025000000000000005,0.025000000000000005,0.025000000000000005,0.025,0.025000000000000005,0.025,0.025000000000000005,0.025000000000000005,0.025,0.025000000000000005,Dash,2016-01
Decider,0.025,494.28209846843265,0.025000000000000005,0.025,443.722912325867,0.025000000000000005,0.025,28.46428631069334,0.025,0.025000000000000005,0.025,0.025000000000000005,0.025,0.025,0.025,0.025000000000000005,0.025,0.025000000000000005,280.70720392389904,0.025,0.025000000000000005,0.025,0.025000000000000005,0.025000000000000005,0.025000000000000005,1037.1204583422482,0.025,0.025000000000000005,0.025,27.853040627465607,0.025,0.025,0.025000000000000005,0.025,0.025,0.025,0.025,0.025000000000000005,0.025,0.025000000000000005,Decider,2016-01
GD,0.025000000000000005,0.025000000000000005,0.025000000000000005,0.025000000000000005,0.025000000000000005,0.025000000000000005,0.025000000000000005,0.025000000000000005,0.025000000000000005,0.025000000000000005,0.025,0.025000000000000005,0.025000000000000005,0.025,0.025,0.025000000000000005,1404803.7226013432,0.025000000000000005,0.025000000000000005,0.025,0.025000000000000005,0.025,0.025000000000000005,0.025000000000000005,0.025000000000000005,0.4580161823932843,79.89438185039477,0.025000000000000005,0.025000000000000005,0.025000000000000005,0.025000000000000005,0.025000000000000005,0.025000000000000005,0.025,0.025000000000000005,0.025,0.025000000000000005,0.025000000000000005,0.025,0.025000000000000005,GD,2016-01
GamePlay,0.025000000000000005,0.025,0.025000000000000005,0.025000000000000005,0.025000000000000005,0.025000000000000005,624.3735161142265,0.025000000000000005,0.025000000000000005,0.025000000000000005,0.025,0.025000000000000005,0.025000000000000005,0.025,0.025,0.025000000000000005,0.025,0.025000000000000005,0.025000000000000005,0.025,0.025000000000000005,0.025,0.025000000000000005,0.025000000000000005,0.025000000000000005,0.025,0.025000000000000005,80780.76092780603,0.025,0.025000000000000005,0.025,0.025000000000000005,136.94055605318601,0.025,0.025000000000000005,0.025,0.025000000000000005,0.025000000000000005,0.025,0.025000000000000005,GamePlay,2016-01
KomodoEdit,161.49471194825367,25.823967900101582,0.025000000000000005,0.025000000000000005,356.72840870993036,39.64916779844369,1425.781246576846,146.20473730338952,0.025000000000000005,120.71095449252921,0.025,0.025000000000000005,668.5054082912292,0.025,0.025,88.6910860212178,0.025000000000000005,0.025000000000000005,284.9389013129364,0.025,0.025000000000000005,0.025,82.82093039412939,306.95220644976416,33.257997191441106,0.025000000000000005,0.025000000000000005,28.97229164171634,61.36626703063583,270.893868063587,0.025000000000000005,0.025000000000000005,238.71763550348038,0.025,377.93239548441335,0.025,449.33398051552115,220644.16679285959,0.025,362.5820444035676,KomodoEdit,2016-01
Leaflet,0.025,0.025000000000000005,0.025000000000000005,0.025000000000000005,0.025000000000000005,3.606803292390187,0.025000000000000005,89.43212186631806,1186.9744065128402,83.89018630992422,0.025,56.514225947227324,9579.455490039581,0.025,0.025,0.025000000000000005,0.025000000000000005,0.025000000000000005,52.316947106069804,0.025,0.025000000000000005,0.025,49.92364181021943,91.38285744120878,0.025000000000000005,0.025000000000000005,0.025000000000000005,0.025000000000000005,0.025000000000000005,74.57401876753406,0.025000000000000005,381.20233955852143,0.025000000000000005,0.025,0.025000000000000005,0.025,0.025000000000000005,60.026961341139675,0.025,0.025000000000000005,Leaflet,2016-01
LightTable,0.025000000000000005,5.669373121126773,0.025,0.025000000000000005,0.025000000000000005,17.796517149644192,0.025000000000000005,24.83548592775224,0.025,0.025000000000000005,0.025,0.025000000000000005,0.025,0.025,0.025,0.025,0.025,5.174924111763912,0.025,0.025,0.025000000000000005,0.025,0.025,0.025000000000000005,0.025000000000000005,0.025,0.025,0.025,2.9845398029024364,0.025,0.025,0.025000000000000005,7.2106880107081865,0.025,0.025000000000000005,0.025,23.503471876062452,0.025000000000000005,0.025,0.025000000000000005,LightTable,2016-01
MLPNeuralNet,0.025000000000000005,0.025000000000000005,0.025,0.025,0.025,0.025000000000000005,0.025000000000000005,4.40788619347997,0.025000000000000005,0.025,0.025,0.025,0.025,0.025,0.025,0.025,0.025,0.025000000000000005,52.465402020543266,0.025,38.09447476723024,0.025,0.025,0.025,0.025000000000000005,221.85322604254432,0.025000000000000005,0.025000000000000005,43.09315827865249,162.66898914828164,10.591863548992215,0.025,0.025,0.025,0.025,0.025,0.025,0.025000000000000005,0.025,0.025000000000000005,MLPNeuralNet,2016-01
ML_for_Hackers,68.02000824213326,10.720511857986931,0.025000000000000005,68.16280245705856,0.025,0.025000000000000005,0.025000000000000005,74.64442894208905,0.025000000000000005,0.025,0.025,0.025,0.025000000000000005,0.025,0.025,0.025,0.025,47.853800985846455,332.07856494836085,0.025,0.025000000000000005,0.025,0.025,0.025000000000000005,358.9539629051732,1557.090903812155,0.025000000000000005,0.025,0.025,68.70001584785135,0.025000000000000005,0.025000000000000005,0.025000000000000005,0.025,0.025000000000000005,0.025,0.025000000000000005,0.025000000000000005,0.025,0.025000000000000005,ML,2016-01
MonoGame,140613.05925478612,0.025000000000000005,0.025,0.025000000000000005,0.025000000000000005,640.1807696405027,1051.6983268372628,0.025000000000000005,0.025000000000000005,2767.358816061932,0.025,0.025000000000000005,0.025000000000000005,0.025,0.025,0.025,0.025000000000000005,345.70454810759196,0.025000000000000005,0.025,0.025000000000000005,0.025,0.025,8876.316933754451,0.025000000000000005,0.025000000000000005,0.025000000000000005,0.025000000000000005,0.025000000000000005,0.025000000000000005,0.025000000000000005,0.025000000000000005,0.025000000000000005,0.025,0.025000000000000005,0.025,0.025000000000000005,365.8563507384588,0.025,0.025000000000000005,MonoGame,2016-01
OpenRA,2898.0668231511536,0.025000000000000005,0.025000000000000005,0.025000000000000005,0.025000000000000005,0.025000000000000005,5087.4656494187075,43.17406223472354,23.293145977031223,78484.83842203359,0.025,0.025000000000000005,0.025000000000000005,0.025,0.025,107.66659580266798,0.025,0.025000000000000005,125.07063964332414,0.025,0.025000000000000005,0.025,428.3181616585668,50.124130399317266,148.9751509238712,0.025000000000000005,114.19645450356886,674.9786769756308,0.025000000000000005,0.025000000000000005,86.89047107797231,0.025000000000000005,0.025000000000000005,0.025,1460.3220046200668,0.025,0.025000000000000005,0.025000000000000005,0.025,27.994611526698552,OpenRA,2016-01
PredictionIO,0.025000000000000005,16893.80214922283,0.025000000000000005,0.025,0.025000000000000005,0.025000000000000005,0.025000000000000005,443.6444669634491,183.55373276199606,0.025,0.025,215.43577131141265,12.189977807329038,0.025,0.025,0.025,0.025000000000000005,0.025000000000000005,1467.254110756849,0.025,0.025000000000000005,0.025,0.025,0.025000000000000005,0.025000000000000005,19.652294923081225,0.025000000000000005,0.025000000000000005,511.6814867858234,0.025000000000000005,498.0914118728197,0.025000000000000005,0.025000000000000005,0.025,0.025000000000000005,0.025,0.025,0.025000000000000005,0.025,499.9445975870662,PredictionIO,2016-01
Ruby-warrior,0.025,0.025,0.025000000000000005,0.025,0.025,188.37530033995506,0.025000000000000005,232.2612355871862,0.025000000000000005,1050.7356226002987,0.025,0.025,0.025000000000000005,0.025,0.025,0.025000000000000005,0.025,0.025,57.13040726712631,0.025,0.025,0.025,0.025000000000000005,0.025,0.025000000000000005,189.62243420473584,0.025,0.025,0.025,0.025,0.025,0.025,0.025,0.025,0.025,0.025,0.025,0.025000000000000005,0.025,0.025000000000000005,Ruby,2016-01
Starling-Framework,3639.442541332602,21.90072758884706,0.025000000000000005,357.90440620583263,0.025,0.025000000000000005,183.94986290734917,0.025000000000000005,0.025000000000000005,5.80316039417217,0.025,0.025,0.025000000000000005,0.025,0.025,0.025000000000000005,0.025,2170.9273990804268,2253.3332969983367,0.025,0.025000000000000005,0.025,0.025000000000000005,0.025000000000000005,0.025000000000000005,0.025000000000000005,71.62942476689406,13765.371169683152,0.025000000000000005,0.025000000000000005,0.025000000000000005,712.7409394277903,0.025000000000000005,0.025,0.025000000000000005,0.025,0.025000000000000005,0.025000000000000005,0.025,192.27207160132687,Starling,2016-01
Theano,0.025000000000000005,0.025000000000000005,0.025000000000000005,1446.981915310007,0.025000000000000005,0.025000000000000005,0.025000000000000005,555.4709106094334,0.025000000000000005,0.025000000000000005,0.025,0.025000000000000005,0.025,0.025,0.025,0.025,0.025,0.025,41.948530469689715,0.025,6276.330006036907,0.025,0.025,0.025000000000000005,0.025000000000000005,0.025000000000000005,71486.68826032645,0.025000000000000005,17642.430163640875,0.025000000000000005,0.025000000000000005,0.025000000000000005,761.3305383843557,0.025,0.025000000000000005,0.025,0.025000000000000005,2353.019675168944,0.025,0.025000000000000005,Theano,2016-01
Torque2D,607.008272252794,0.025000000000000005,0.025,0.025000000000000005,0.025000000000000005,156803.65008082642,3051.7871942162637,66.81145275758288,0.025000000000000005,0.025000000000000005,0.025,3359.265877970897,0.025000000000000005,0.025,0.025,0.025000000000000005,0.025000000000000005,2370.294334262109,1470.3321790459672,0.025,0.025000000000000005,0.025,46.21930660992455,11137.433783278571,0.025000000000000005,0.025000000000000005,0.025000000000000005,0.025000000000000005,0.025000000000000005,0.025000000000000005,0.025000000000000005,0.025000000000000005,483.5937082205618,0.025,0.025000000000000005,0.025,0.025000000000000005,2371.624542929084,0.025,846.2792675506917,Torque2D,2016-01
Torque3D,0.025000000000000005,0.025000000000000005,0.025000000000000005,216.7483049615595,0.025000000000000005,522076.6580043038,14.272228655984055,0.025000000000000005,1311.9161038143154,200.2059088187225,0.025,0.025000000000000005,33.12131274220534,0.025,0.025,214.50390521950462,0.025000000000000005,436.8922008193704,0.025000000000000005,0.025,289.6483798167035,0.025,326.11916298658656,378.8911217271517,5.760807097631023,0.025000000000000005,0.025000000000000005,5136.388771593375,131.7929239460713,0.025000000000000005,0.025000000000000005,15.185236086842904,0.025000000000000005,0.025,484.29562716006103,0.025,0.025000000000000005,0.025000000000000005,0.025,0.025000000000000005,Torque3D,2016-01
adarkroom,0.025,0.025,0.025,0.025000000000000005,126.47254696813974,0.025000000000000005,0.025000000000000005,22.13447722715928,287.08217777468116,15663.441266775804,0.025,0.025,880.1095967951401,0.025,0.025,0.025,0.025,0.025000000000000005,0.025000000000000005,0.025,0.025,0.025,0.025,0.025,235.48362024084085,0.025000000000000005,0.025,0.025000000000000005,0.025000000000000005,0.025000000000000005,0.025000000000000005,0.025000000000000005,0.025000000000000005,0.025,0.025000000000000005,0.025,84.45131421012123,0.025000000000000005,0.025,0.025,adarkroom,2016-01
arbor,0.025,0.025,0.025000000000000005,124.44460041287238,402.5358985224359,118.72929795687448,0.025000000000000005,12.226537660919375,45.20137523628249,56.36511384830376,0.025,0.025,1684.131963721409,0.025,0.025,0.025,0.025000000000000005,723.4241399687678,18.07592494964061,0.025,0.025000000000000005,0.025,0.025,0.025000000000000005,0.025000000000000005,0.025000000000000005,81.1947499206557,187.3607829681619,0.025,122.48372333295539,0.025000000000000005,55.01097678672297,82.79127987982461,0.025,0.025000000000000005,0.025,168.39863483190584,0.025000000000000005,0.025,0.025000000000000005,arbor,2016-01
atom,0.025000000000000005,0.025000000000000005,0.025000000000000005,0.025,147.32219228752385,0.025000000000000005,0.025000000000000005,0.025000000000000005,0.025000000000000005,0.025000000000000005,0.025,0.025000000000000005,0.025000000000000005,0.025,0.025,0.025000000000000005,0.025000000000000005,0.025000000000000005,0.025000000000000005,0.025,0.025,0.025,0.025000000000000005,0.025000000000000005,0.025000000000000005,0.025,0.025,0.025,0.025000000000000005,0.025000000000000005,0.025000000000000005,0.025000000000000005,0.025000000000000005,0.025,47863.82807050095,0.025,2173.9247371924353,0.025000000000000005,0.025,0.025000000000000005,atom,2016-01
brackets,0.025000000000000005,0.025000000000000005,0.025000000000000005,0.025000000000000005,89.93979630469038,0.025000000000000005,0.025000000000000005,3188.120356098162,0.025000000000000005,0.025000000000000005,0.025,114.00491112925926,2217.900092263805,0.025,0.025,0.025000000000000005,0.025000000000000005,0.025000000000000005,901.4598433839142,0.025,0.025000000000000005,0.025,0.025000000000000005,0.025000000000000005,0.025000000000000005,0.025000000000000005,0.025000000000000005,0.025000000000000005,0.025000000000000005,0.025000000000000005,0.025000000000000005,0.025000000000000005,15.38024799139751,0.025,82.91289521562355,0.025,287622.9517398871,405.8118266675525,0.025,716.7682909203462,brackets,2016-01
brain,0.025,7.540320606389153,0.025,0.025,26.607064237025615,0.025000000000000005,0.025,15.790127618694987,0.025,17.449644408208613,0.025,0.025,0.025,0.025,0.025,0.025,0.025,0.025,0.025000000000000005,0.025,0.025000000000000005,0.025,0.025,0.025,97.47334326974581,104.51475151356794,30.20902811931309,0.025,0.025000000000000005,42.803682885437944,112.83703734145887,0.025,0.025,0.025,0.025000000000000005,0.025,0.025,0.025000000000000005,0.025,0.025,brain,2016-01
caffe,0.025000000000000005,34.913908122258235,0.025,0.025000000000000005,0.025000000000000005,0.025000000000000005,0.025000000000000005,0.025000000000000005,0.025,0.025,0.025,22.81113384425521,0.025,0.025,0.025,0.025000000000000005,0.025,0.025000000000000005,0.025000000000000005,0.025,68.03674525143842,0.025,0.025000000000000005,410.7980405699107,182.49358491124133,55.64046509624921,565.1297222125119,0.025,30119.28827542484,0.025,62.11312454619492,0.025,0.025000000000000005,0.025,0.025,0.025,0.025000000000000005,0.025000000000000005,0.025,0.025000000000000005,caffe,2016-01
cakephp,0.025000000000000005,0.025000000000000005,0.025,0.025,0.025000000000000005,0.025000000000000005,67.43179920592517,0.025000000000000005,0.025000000000000005,0.025000000000000005,0.025,894.1159891694541,0.025000000000000005,0.025,0.025,0.025,0.025,0.025000000000000005,97169.52721159051,0.025,0.025000000000000005,0.025,0.025000000000000005,0.025000000000000005,0.025000000000000005,0.025000000000000005,0.025000000000000005,0.025000000000000005,0.025000000000000005,0.025000000000000005,0.025000000000000005,0.025,0.025000000000000005,0.025,0.025000000000000005,0.025,0.025000000000000005,0.025000000000000005,0.025,0.025000000000000005,cakephp,2016-01
cesium,0.025000000000000005,0.025000000000000005,0.025000000000000005,0.03881703725760308,134.5281702038601,6.518732894836129,89.90399857119846,98.50518026876394,300084.451792809,0.025000000000000005,0.025,0.025000000000000005,311.64309950052444,0.025,0.025,0.025000000000000005,0.025000000000000005,91.1801616926163,159.4317525805363,0.025,0.025000000000000005,0.025,0.025000000000000005,40.2815914068282,0.025000000000000005,0.025000000000000005,0.025000000000000005,0.025000000000000005,0.025000000000000005,0.025000000000000005,0.025000000000000005,0.025000000000000005,32.67507834407767,0.025,238.09946353154845,0.025,821.8871617409169,156.1703584518125,0.025,78.05964082137844,cesium,2016-01
chartist-js,0.025000000000000005,0.025000000000000005,4887.498538298513,201.82059028808,617.5869556164785,0.025000000000000005,0.025000000000000005,0.025000000000000005,0.025000000000000005,0.025000000000000005,0.025,0.025000000000000005,219.56883455159578,0.025,0.025,0.025,0.025000000000000005,0.025000000000000005,0.025000000000000005,0.025,0.025000000000000005,0.025,0.025,0.025000000000000005,45.58180117530078,66.60747365861471,0.025000000000000005,0.025000000000000005,0.025000000000000005,77.54827722656901,0.025000000000000005,1638.7432290718916,0.025000000000000005,0.025,243.37854888350714,0.025,13.915751223175043,0.025000000000000005,0.025,0.025000000000000005,chartist,2016-01
chroma.js,0.025,18.218548184882387,0.025,0.025,0.025,0.025,0.025000000000000005,0.025,0.025,0.025,0.025,0.025,0.025,0.025,0.025,0.025000000000000005,10.103744482749653,157.7953147033677,0.025,0.025,0.025,0.025,17.376268498688916,0.025000000000000005,0.025,0.025000000000000005,0.025,0.025,0.025000000000000005,1419.6311241297142,0.025,0.025,0.025,0.025,0.025,0.025,0.025,0.025,0.025,0.025,chroma.js,2016-01
clumsy-bird,186.53773100190466,0.025000000000000005,0.025000000000000005,12.187047475657259,702.7872090591135,0.025000000000000005,0.025,0.025000000000000005,143.52483867623616,1258.7089827290597,0.025,0.025000000000000005,773.4806958458246,0.025,0.025,0.025,0.025,0.025000000000000005,0.025,0.025,0.025000000000000005,0.025,10.5706021003709,0.025000000000000005,0.025,0.025000000000000005,0.025000000000000005,1605.7167829291282,0.025000000000000005,0.025000000000000005,0.025,220.71111018052662,0.025,0.025,0.025000000000000005,0.025,0.025000000000000005,0.025000000000000005,0.025,0.025,clumsy,2016-01
cocos2d-x,0.025000000000000005,0.025000000000000005,0.025000000000000005,0.025000000000000005,0.025000000000000005,61.97089243683323,0.025000000000000005,0.025000000000000005,0.025000000000000005,0.025000000000000005,0.025,0.025000000000000005,0.025000000000000005,0.025,0.025,33.18138441012332,0.025000000000000005,5.94830781455309,0.025000000000000005,0.025,0.025000000000000005,0.025,638624.6423030585,0.025000000000000005,0.025000000000000005,0.025000000000000005,0.025000000000000005,169.38211202772084,0.025000000000000005,0.025000000000000005,0.025000000000000005,0.025000000000000005,0.025000000000000005,0.025,0.025000000000000005,0.025,0.025000000000000005,0.025000000000000005,0.025,0.025000000000000005,cocos2d,2016-01
codebox,0.025,0.025000000000000005,0.025,0.025,223.19930383157,0.025000000000000005,0.025000000000000005,491.8781847427027,0.025,0.025000000000000005,0.025,699.8933436387475,0.025000000000000005,0.025,0.025,162.8455776859885,0.02500000000000001,0.025,0.025000000000000005,0.025,0.025,0.025,0.025000000000000005,0.025000000000000005,52.214530062974355,0.025000000000000005,0.025,0.025,3.5629980895447484,0.025,126.58106194777756,0.025000000000000005,0.025000000000000005,0.025,0.025000000000000005,0.025,0.025000000000000005,0.025000000000000005,0.025,0.025,codebox,2016-01
convnetjs,0.025000000000000005,0.025000000000000005,0.025,0.025000000000000005,660.8468779006236,0.025000000000000005,0.025000000000000005,0.025000000000000005,113.72819273142028,104.19395427647146,0.025,0.025,2003.4628024475785,0.025,0.025,0.025,0.025000000000000005,219.63875106583208,0.025000000000000005,0.025,0.025000000000000005,0.025,0.025000000000000005,21.855021273602645,42.18309589259914,795.7802612302908,0.025000000000000005,90.9411449709725,1255.768766868066,0.025000000000000005,273.6637485164986,0.025000000000000005,0.025,0.025,0.025000000000000005,0.025,387.23738282284864,0.025000000000000005,0.025,0.025000000000000005,convnetjs,2016-01
d3,0.025000000000000005,0.025,37.70051686092265,0.025,0.025,0.025,0.025,0.025,0.025000000000000005,0.025,0.025,0.025,0.025000000000000005,0.025,0.025,0.025,0.025,0.025,0.025,0.025,0.025,0.025,0.025000000000000005,0.025,0.025,0.025,0.025,0.025,0.025000000000000005,22257.349483133934,0.025,0.025000000000000005,0.025,0.025,0.025,0.025,0.025,0.025,0.025,0.025,d3,2016-01
datumbox-framework,0.025000000000000005,25551.832613864975,0.025000000000000005,0.025,0.025000000000000005,0.025000000000000005,0.025000000000000005,0.025000000000000005,0.025000000000000005,99.78094541764409,0.025,0.025000000000000005,0.025000000000000005,0.025,0.025,0.025,0.025,0.025000000000000005,283.3712797079935,0.025,0.025000000000000005,0.025,0.025000000000000005,0.025000000000000005,162.6727859000221,2900.7802942976373,0.025000000000000005,0.025000000000000005,0.025000000000000005,64.53990824654632,344.1971725452281,0.025000000000000005,0.025000000000000005,0.025,0.025000000000000005,0.025,0.025000000000000005,0.025000000000000005,0.025,0.025000000000000005,datumbox,2016-01
dc.js,0.025000000000000005,87.73443555633277,34865.48192523322,45.49458046475815,0.025000000000000005,0.025000000000000005,34.04595321545438,0.025000000000000005,182.31991150515177,0.025000000000000005,0.025,0.025000000000000005,953.5818805546565,0.025,0.025,0.025,35.772662018006926,125.69796054322968,0.025000000000000005,0.025,0.025,0.025,0.025,55.267248370409824,0.025000000000000005,0.025000000000000005,0.025000000000000005,0.025000000000000005,0.025,2190.231397256516,0.025000000000000005,526.2219220864673,162.5517941853128,0.025,0.025000000000000005,0.025,208.26456393943096,0.025000000000000005,0.025,53.68376505155186,dc.js,2016-01
derby,0.025,10.113585097251889,0.025,0.025000000000000005,1549.0057577023133,25.00136675186532,0.025000000000000005,534.919579716918,0.025000000000000005,0.025,0.025,57.63655712387179,0.025,0.025,0.025,0.025000000000000005,0.025000000000000005,0.025,23.999304175541113,0.025,0.025,0.025,0.025000000000000005,0.025,0.025000000000000005,0.025,0.025,0.025,0.025000000000000005,0.025000000000000005,0.025000000000000005,0.025,0.025000000000000005,0.025,39.57392001906084,0.025,15.066128588925544,56.90880082342196,0.025,0.025,derby,2016-01
dimple,0.025,0.025,123922.02499998616,0.025,0.025,0.025,0.025,0.025,0.025,0.025,0.025,0.025,0.025,0.025,0.025,0.025,0.025,0.025,0.025,0.025,0.025,0.025,0.025,0.025,0.025,0.025,0.025,0.025,0.025,0.025,0.025,0.025000000000000116,0.025,0.025,0.025,0.025,0.025,0.025,0.025,0.025,dimple,2016-01
django,0.025000000000000005,0.025000000000000005,0.025000000000000005,747.9337767974342,0.025000000000000005,0.025000000000000005,0.025000000000000005,0.025000000000000005,13.826426970575369,252.39358028724914,0.025,0.025000000000000005,0.025000000000000005,0.025,0.025,0.025000000000000005,0.025000000000000005,0.025000000000000005,167790.76430520444,0.025,0.025000000000000005,0.025,0.025000000000000005,0.025000000000000005,103.42542645851755,0.025000000000000005,0.025000000000000005,0.025000000000000005,0.025000000000000005,756.1009041867544,766.3197832147677,252.11367184120616,251.36699526522784,0.025,3453.9252641747153,0.025,234.98502330433007,2720.144842213706,0.025,0.025000000000000005,django,2016-01
duality,33396.38301696995,0.025,0.025000000000000005,25.665285107642323,0.025,0.025000000000000005,0.025000000000000005,0.025000000000000005,0.025000000000000005,1164.237803765066,0.025,0.025000000000000005,0.025000000000000005,0.025,0.025,0.025000000000000005,0.025,17.13718551976363,0.025000000000000005,0.025,0.025000000000000005,0.025,0.025000000000000005,0.025000000000000005,0.025000000000000005,0.025000000000000005,0.025000000000000005,6303.047554191144,0.025000000000000005,0.025000000000000005,0.025000000000000005,53.091130809868844,0.025000000000000005,0.025,68146.61302358685,0.025,0.025,0.025000000000000005,0.025,0.025000000000000005,duality,2016-01
echarts,0.025000000000000005,0.025000000000000005,0.025000000000007593,0.025000000000000005,0.025000000000000005,0.025000000000000005,0.025000000000000005,0.025000000000000005,0.025000000000000005,0.025000000000000005,0.025,0.025000000000000005,0.025000000000000005,0.025,0.025,0.025000000000000005,0.025000000000000005,0.025000000000000005,0.025000000000000005,0.025,0.025000000000000005,0.025,0.025000000000000005,0.025000000000000005,0.025000000000000005,0.025000000000000005,0.025000000000000005,0.025000000000000005,0.025000000000000005,0.025000000000000005,0.025000000000000005,117554.0249999643,0.025000000000000005,0.025,0.025000000000000005,0.025,0.025000000000000005,0.025000000000000005,0.025,0.025000000000000005,echarts,2016-01
envisionjs,0.025000000000000005,0.025,7.210936213145533,0.025000000000000005,0.025000000000000005,0.025000000000000005,0.025000000000000005,0.025000000000000005,0.025000000000000005,0.025000000000000005,0.025,0.025,72309.83906376523,0.025,0.025,0.025000000000000005,0.025000000000000005,0.025000000000000005,0.025000000000000005,0.025,0.025,0.025,0.025000000000000005,0.025000000000000005,0.025,0.025,0.025,0.025000000000000005,0.025000000000000005,0.025000000000000005,0.025,0.025000000000000005,0.025000000000000005,0.025,0.025000000000000005,0.025,0.025000000000000005,0.025000000000000005,0.025,0.025000000000000005,envisionjs,2016-01
epoch,0.025,0.025,606.8019372003853,228.85759624741937,1993.4154665516814,0.025,0.025,0.025,0.025,0.025,0.025,0.025,0.025,0.025,0.025,0.025,0.025000000000000005,0.025,0.025,0.025,0.025000000000000005,0.025,0.025,0.025,0.025,0.025,0.025,0.025,0.025,0.025000000000000005,0.025,0.025,0.025,0.025,0.025,0.025,0.025,0.025,0.025,0.025,epoch,2016-01
express,0.025,0.025000000000000005,0.025000000000000005,0.025,487.35253059926345,0.025000000000000005,0.025000000000000005,0.025000000000000005,0.025000000000000005,0.025,0.025,0.025000000000000005,0.025,0.025,0.025,0.025,0.025,0.025,2690.0844009464427,0.025,0.025,0.025,0.025000000000000005,0.025000000000000005,41.638068452169186,0.025000000000000005,0.025,0.025,0.025,0.025000000000000005,0.025000000000000005,0.025000000000000005,0.025,0.025,0.025,0.025,0.025,0.025000000000000005,0.025,0.025000000000000005,express,2016-01
flask,0.025,0.025000000000000005,0.025,0.025000000000000005,0.025000000000000005,0.025,0.025000000000000005,385.3760374590097,0.025,70.26623231599758,0.025,0.025000000000000005,0.025,0.025,0.025,0.025,0.025,0.025,3926.9237961625995,0.025,0.025,0.025,0.025,0.025000000000000005,0.025000000000000005,0.025,0.025,0.025,0.025,0.025000000000000005,82.57269906243127,0.025,186.97146960975954,0.025,0.025000000000000005,0.025,0.025000000000000005,513.0870867403498,0.025,426.9776786467534,flask,2016-01
frappe,0.025,0.025000000000000005,90.37511836273664,0.025,0.025,0.025000000000000005,0.025,0.025000000000000005,0.025,0.025000000000000005,0.025,0.025000000000000005,0.025,0.025,0.025,0.025,0.025,0.025000000000000005,13114.61656957578,0.025,0.025,0.025,0.025,0.025000000000000005,0.025000000000000005,0.025,0.025,0.025,0.025,0.025000000000000005,0.025000000000000005,0.025000000000000005,0.025000000000000005,0.025,0.025,0.025,0.025000000000000005,18858.083312047667,0.025,0.025000000000000005,frappe,2016-01
godot,0.025000000000000005,0.025000000000000005,0.025000000000000005,0.025000000000000005,0.025000000000000005,0.025000000000000005,0.025000000000000005,0.025000000000000005,0.025000000000000005,0.025000000000000005,0.025,0.025,0.025000000000000005,0.025,0.025,332.4627436189832,305.21123038900316,767.4674683786541,0.025000000000000005,0.025,0.025000000000000005,0.025,1.5213257585901117,297231.98301929235,0.025000000000000005,3572.654175674935,229.87503676380456,0.025000000000000005,0.025000000000000005,0.025000000000000005,0.025000000000000005,0.025000000000000005,0.025000000000000005,0.025,0.025000000000000005,0.025,0.025000000000000005,0.025000000000000005,0.025,0.025000000000000005,godot,2016-01
golearn,0.025000000000000005,0.025000000000000005,0.025,0.025000000000000005,0.025,0.025000000000000005,0.025000000000000005,277.22321685894457,0.025000000000000005,0.025000000000000005,0.025,0.025000000000000005,0.025000000000000005,0.025,0.025,0.025000000000000005,15.504372212920337,0.025000000000000005,0.025000000000000005,0.025,210.04504648400652,0.025,18.284763298160687,97.86767976698687,834.5492816112028,4738.109716937058,0.025000000000000005,0.025,0.025000000000000005,0.025000000000000005,211.02475172171623,0.025000000000000005,0.025000000000000005,0.025,0.025000000000000005,0.025,9.616171106579927,0.025000000000000005,0.025,0.025000000000000005,golearn,2016-01
h2o-2,0.025000000000000005,810.2156625856371,0.025000000000000005,0.025000000000000005,0.025000000000000005,0.025000000000000005,0.025000000000000005,0.025000000000000005,0.025000000000000005,0.025000000000000005,0.025,0.025,0.025000000000000005,0.025,0.025,0.025000000000000005,0.025000000000000005,0.025000000000000005,0.025000000000000005,0.025,0.025000000000000005,0.025,0.025000000000000005,0.025000000000000005,79277.04483683225,0.43629297383143384,0.025000000000000005,0.025000000000000005,0.025000000000000005,0.025000000000000005,0.025000000000000005,0.025000000000000005,0.025000000000000005,0.025,0.025000000000000005,0.025,0.025000000000000005,0.025000000000000005,0.025,115.40320757671621,h2o,2016-01
hextris,0.025000000000000005,0.025,0.025,0.025000000000000005,361.4733000362509,43.16319865305249,0.025000000000000005,119.77835304773348,0.025000000000000005,284.88006349692495,0.025,0.025,1752.745808433954,0.025,0.025,0.025,0.025,0.025000000000000005,0.025000000000000005,0.025,0.025,0.025,0.025,0.025000000000000005,136.39233777727898,36.63987243135891,0.025,156.12706612235957,0.025,0.025000000000000005,0.025000000000000005,0.025000000000000005,0.025000000000000005,0.025,0.025000000000000005,0.025,0.025000000000000005,0.025000000000000005,0.025,0.025000000000000005,hextris,2016-01
jmonkeyengine,0.025000000000000005,0.025000000000000005,0.025000000000000005,0.025000000000000005,0.025000000000000005,28.705436001653606,0.025000000000000005,0.025000000000000005,0.025000000000000005,0.025000000000000005,0.025,0.025000000000000005,0.025000000000000005,0.025,0.025,0.025000000000000005,377.0698522026851,221671.08981508718,0.025000000000000005,0.025,0.025000000000000005,0.025,0.025000000000000005,0.025000000000000005,0.025000000000000005,0.025000000000000005,0.025000000000000005,9249.234896612421,0.025000000000000005,0.025000000000000005,0.025000000000000005,0.025000000000000005,0.025000000000000005,0.025,0.025000000000000005,0.025,0.025000000000000005,0.025000000000000005,0.025,0.025000000000000005,jmonkeyengine,2016-01
jubatus,0.025,1333.9520511028957,0.025,0.025,0.025,0.025,0.025,0.025000000000000005,0.025,0.025000000000000005,0.025,0.025000000000000005,0.025,0.025,0.025,0.025,0.025,0.025,0.025000000000000005,0.025,0.025000000000000005,0.025,0.025000000000000005,249.63695034747403,0.025000000000000005,0.025000000000000005,118.04800721114884,0.025,0.025000000000000005,5202.266815952442,0.025000000000000005,0.025,0.025,0.025,0.025,0.025,0.025,902.9178055662753,0.025,251.32836981785803,jubatus,2016-01
kartograph.js,0.025,45.79366379238728,301.3950265242773,446.6668983920541,948.6988422901823,72.0679786859503,0.025000000000000005,0.025,0.025000000000000005,0.025000000000000005,0.025,0.025,2191.085911101459,0.025,0.025,0.025000000000000005,9.282664379369153,260.11358082874057,0.025,0.025,0.025,0.025,19.30332992029444,0.025000000000000005,0.025,0.025000000000000005,0.025000000000000005,0.025000000000000005,0.025000000000000005,1626.0572014076035,0.025000000000000005,319.8099026749962,0.025000000000000005,0.025,0.025,0.025,0.025000000000000005,0.025000000000000005,0.025,0.025,kartograph.js,2016-01
keras,0.025000000000000005,0.025,0.025,0.025000000000000005,9.900479047521188,0.025,0.025,0.025000000000000005,0.025,0.025,0.025,0.025,0.025000000000000005,0.025,0.025,0.025,0.025,0.025,0.025000000000000005,0.025,1173.0329729710859,0.025,0.025,0.025,0.025000000000000005,7337.17325325951,115.67402460579741,0.025000000000000005,5953.3442701101,0.025000000000000005,0.025000000000000005,0.025000000000000005,0.025,0.025,0.025,0.025,0.025,0.025000000000000005,0.025,0.025,keras,2016-01
laravel,0.025,0.025000000000000005,0.025000000000000005,0.025000000000000005,0.025000000000000005,0.025000000000000005,0.025000000000000005,291.73833142199805,0.025000000000000005,0.025000000000000005,0.025,8.551899681219899,0.025000000000000005,0.025,0.025,40.688684259390115,0.025,63.38604906553141,1807.6869804189812,0.025,0.025000000000000005,0.025,0.025,0.025000000000000005,20.22544458313605,0.025,0.025000000000000005,0.025000000000000005,0.025,0.025,0.025000000000000005,0.025,144.1393218122244,0.025,0.025000000000000005,0.025,127.50024350183506,324.3080452539487,0.025,0.025000000000000005,laravel,2016-01
leo-editor,0.025000000000000005,0.025000000000000005,0.025000000000000005,112.66004223843348,0.025000000000000005,0.025000000000000005,409.95938065046965,0.025000000000000005,0.025000000000000005,0.025000000000000005,0.025,0.025000000000000005,0.025000000000000005,0.025,0.025,0.025000000000000005,0.025000000000000005,0.025000000000000005,0.025229341353619993,0.025,0.025000000000000005,0.025,0.025000000000000005,0.025000000000000005,0.025000000000000005,0.025000000000000005,0.025000000000000005,0.025000000000000005,0.025000000000000005,0.025000000000000005,0.025000000000000005,0.025000000000000005,138868.96081043425,0.025,35.98664993193287,0.025,7.314483215580364,165.7153678310826,0.025,65.57803629110332,leo,2016-01
libgdx,0.025000000000000005,3649.9151149932336,0.025000000000000005,107.36887518413265,0.025000000000000005,81.00361721134242,0.025000000000000005,0.025000000000000005,0.025000000000000005,22.61552582288011,0.025,0.025000000000000005,0.025000000000000005,0.025,0.025,0.025000000000000005,0.025000000000000005,843.5048868081708,0.025000000000000005,0.025,0.025000000000000005,0.025,439.1250722655761,746.0704745520807,0.025000000000000005,0.025000000000000005,0.025000000000000005,269706.3250421265,0.025000000000000005,0.025000000000000005,0.025000000000000005,0.025000000000000005,0.025000000000000005,0.025,584.7712243403906,0.025,0.025000000000000005,0.025000000000000005,0.025,959.5501665615463,libgdx,2016-01
mahout,0.025000000000000005,125743.22789934816,0.025000000000000005,0.025000000000000005,0.025000000000000005,0.025000000000000005,0.025000000000000005,0.025000000000000005,0.025000000000000005,0.025000000000000005,0.025,0.025000000000000005,0.025000000000000005,0.025,0.025,0.025000000000000005,0.025000000000000005,0.025000000000000005,0.025000000000000005,0.025,0.025000000000000005,0.025,0.025000000000000005,0.025000000000000005,443.782842997804,205.15922081900965,298.930036775868,0.025000000000000005,0.025000000000000005,0.025000000000000005,0.025000000000000005,0.025000000000000005,0.025000000000000005,0.025,0.025000000000000005,0.025,0.025000000000000005,0.025000000000000005,0.025,0.025000000000000005,mahout,2016-01
matplotlib,0.025000000000000005,0.025000000000000005,0.025000000000000005,102995.32273863787,0.025000000000000005,0.025000000000000005,109.0360324589634,0.025000000000000005,0.025000000000000005,0.025000000000000005,0.025,0.025000000000000005,0.025000000000000005,0.025,0.025,0.025000000000000005,0.025000000000000005,0.025000000000000005,0.025000000000000005,0.025,0.025000000000000005,0.025,0.025000000000000005,0.025000000000000005,0.025000000000000005,0.025000000000000005,52.1926267662408,0.025000000000000005,0.025000000000000005,71.42226244499604,0.025000000000000005,86.60712529176377,19.856258615364137,0.025,0.025000000000000005,0.025,0.025000000000000005,293.7379557369038,0.025,0.025000000000000005,matplotlib,2016-01
mean,0.025000000000000005,0.025000000000000005,0.025000000000000005,0.025,3921.6557961961053,0.025000000000000005,0.025000000000000005,2125.613526464354,0.025000000000000005,0.025000000000000005,0.025,61.10192779135498,1383.7650643504824,0.025,0.025,0.025000000000000005,0.025000000000000005,0.025000000000000005,3561.40934815104,0.025,0.025,0.025,0.025000000000000005,0.025000000000000005,0.025000000000000005,0.025,0.025,0.025000000000000005,0.025,0.025000000000000005,0.025000000000000005,0.025,0.025000000000000005,0.025,15.532313703558525,0.025,932.2950414486613,0.025000000000000005,0.025,61.826981889784044,mean,2016-01
meteor,169.8513006646875,354.8340124119751,0.025000000000000005,0.025000000000000005,230.79606885256607,1.5656646834667822,0.025000000000000005,140904.8940358916,179.5280843091683,93.13216803966522,0.025,0.025000000000000005,173.00647742947183,0.025,0.025,0.025000000000000005,0.025000000000000005,0.025000000000000005,184.70273189404045,0.025,0.025000000000000005,0.025,0.025000000000000005,80.56927313215924,2.463297073719902,19.619924653856952,0.025000000000000005,0.025000000000000005,0.025000000000000005,592.2053304589565,19.52651892907974,160.95346316467814,65.1124263728456,0.025,0.025000000000000005,0.025,64.0069139468274,126.2551733893992,0.025,224.45213463524087,meteor,2016-01
metrics-graphics,0.025000000000000005,0.025,4358.885309215075,919.786377451964,2124.441832339733,0.025,1071.3061291491674,0.025000000000000005,0.025000000000000005,0.025,0.025,0.025,543.4137894222564,0.025,0.025,799.3757696761705,0.025000000000000005,0.025,0.025,0.025,0.025,0.025,368.38811499889346,0.025,0.025000000000000005,20.093430955977915,0.025,0.025000000000000005,0.025,404.8737372567668,0.025000000000000005,748.4676861419116,0.025000000000000005,0.025,120.8708869498732,0.025,5162.396936434655,0.025000000000000005,0.025,0.025000000000000005,metrics,2016-01
modestmaps-js,0.025000000000000005,0.025000000000000005,0.025,0.025000000000000005,0.025000000000000005,0.025,0.025000000000000005,0.025000000000000005,80.69512227227173,0.025000000000000005,0.025,0.025000000000000005,9371.80088463245,0.025,0.025,0.025,0.025,0.025,0.025,0.025,0.025000000000000005,0.025,0.025,0.025,0.025000000000000005,0.025000000000000005,0.025000000000000005,0.025,0.025,404.2905502719964,0.025000000000000005,858.9746844223919,0.025000000000000005,0.025,0.025000000000000005,0.025,0.025,0.025000000000000005,0.025,47.3637583964447,modestmaps,2016-01
mxnet,0.025,0.025000000000000005,0.025,0.025000000000000005,0.025000000000000005,0.025000000000000005,0.025000000000000005,0.025,0.025000000000000005,0.025,0.025,0.025,0.025,0.025,0.025,0.025,0.025,0.025,0.025,0.025,841.6595932156131,0.025,0.025,0.025000000000000005,0.025000000000000005,0.025000000000000005,0.025000000000000005,0.025000000000000005,8125.390406782107,0.025000000000000005,0.025000000000000005,0.025000000000000005,0.025000000000000005,0.025,0.025000000000000005,0.025,0.025000000000000005,0.025,0.025,0.025000000000000005,mxnet,2016-01
neon,0.025000000000000005,1404.1213795925976,0.025000000000000005,1850.964543012454,0.025000000000000005,0.025000000000000005,0.025000000000000005,0.025000000000000005,0.025000000000000005,0.025000000000000005,0.025,0.025,0.025000000000000005,0.025,0.025,0.025000000000000005,0.025,0.025,0.025000000000000005,0.025,6648.183709806815,0.025,0.025,0.025000000000000005,21.69385453014411,3829.7671746806973,3095.4900917835425,0.025000000000000005,9679.508021937758,0.025,155.73761990693853,0.025000000000000005,0.025000000000000005,0.025,0.025000000000000005,0.025,0.025000000000000005,0.025000000000000005,0.025,14.758604735609412,neon,2016-01
nupic,0.025000000000000005,0.025000000000000005,180.80589938287252,6362.129685467482,0.025000000000000005,0.025000000000000005,0.025000000000000005,0.025000000000000005,0.025000000000000005,0.025000000000000005,0.025,0.025000000000000005,0.025000000000000005,0.025,0.025,0.025000000000000005,0.025000000000000005,0.025000000000000005,0.025000000000000005,0.025,0.025000000000000005,0.025,0.025000000000000005,0.025000000000000005,0.025000000000000005,419.70749117822004,16.17234697641377,0.025000000000000005,0.025000000000000005,0.025000000000000005,140415.01500545538,0.025000000000000005,29.287662854254823,0.025,0.025000000000000005,0.025,0.025000000000000005,14.056908614499354,0.025,0.025000000000000005,nupic,2016-01
openage,518.8303105417109,0.025000000000000005,97.51475014571507,0.025000000000000005,0.025000000000000005,33.53018001762185,375.44217007675485,0.025000000000000005,499.016076259079,4614.356685546129,0.025,0.025,0.025000000000000005,0.025,0.025,0.025000000000000005,0.025000000000000005,52.3075050798807,0.025000000000000005,0.025,294.2848910623711,0.025,0.025000000000000005,1768.9740924245068,737.1398098767946,0.025000000000000005,0.025000000000000005,581.5047494662948,63.402472555294025,0.025,100.95402197178339,684.6441043115916,0.025000000000000005,0.025,131.4731806596864,0.025,0.025000000000000005,0.025000000000000005,0.025,0.025000000000000005,openage,2016-01
oryx,251.48771691679875,27365.322072496634,0.025,0.025,0.025000000000000005,0.025000000000000005,0.025000000000000005,110.55658987630812,0.025,0.025000000000000005,0.025,0.025000000000000005,0.025,0.025,0.025,0.025,0.025,0.025,0.025000000000000005,0.025,0.025000000000000005,0.025,0.025,0.025000000000000005,179.73362069880582,0.025000000000000005,0.025,0.025,0.025,0.025000000000000005,0.025000000000000005,0.025,0.025,0.025,0.025,0.025,0.025000000000000005,0.025000000000000005,0.025,0.025000000000000005,oryx,2016-01
pakyow,0.025,0.025,0.025,0.025,37.560530391379245,0.025,0.025,57.16318072159813,0.025,0.025,0.025,356.4806025604416,0.025,0.025,0.025,0.025,0.025,0.025,1904.8155589623282,0.025,0.025,0.025,0.025,0.025,0.025,0.025,0.025,0.025,2399.9291816367977,0.025,0.025,0.025,0.025,0.025,0.025,0.025,0.025000000000000005,111.23302702759463,0.025,854.9929186980505,pakyow,2016-01
panda3d,0.025000000000000005,0.025000000000000005,0.025000000000000005,0.025000000000000005,0.025000000000000005,604.6556749135113,74.91528601354808,173.1989998038335,0.025000000000000005,0.025,0.025,0.025000000000000005,0.025000000000000005,0.025,0.025,217.76051248902507,0.025,0.025000000000000005,0.025000000000000005,0.025,0.025,0.025,0.025000000000000005,0.025000000000000005,0.025000000000000005,0.025,0.025,0.025000000000000005,0.025000000000000005,0.025,0.025,0.025000000000000005,152.31282606044218,0.025,0.025000000000000005,0.025,122.12908403556425,1031.3199004231114,0.025,151.90771625966977,panda3d,2016-01
pattern,0.025000000000000005,0.025000000000000005,0.025000000000000005,1123.7654934938842,0.025000000000000005,0.025000000000000005,0.025000000000000005,34.145743734969656,0.025000000000000005,0.025000000000000005,0.025,0.025000000000000005,0.025000000000000005,0.025,0.025,817.4108442413972,0.025000000000000005,0.025000000000000005,9781.762533441466,0.025,0.025000000000000005,0.025,231.59127888157468,13.470728892345772,15379.0814601765,844.9322678695746,0.025000000000000005,0.025000000000000005,0.025,911.277191102429,135.51970765283525,0.025000000000000005,1289.133674997454,0.025,0.025000000000000005,0.025,0.025000000000000005,10313.20907549339,0.025,0.025000000000000005,pattern,2016-01
peity,0.025000000000000005,0.025,184.47596492004382,0.025000000000000005,9.556897359168252,0.025000000000000005,0.025000000000000005,0.025000000000000005,0.025000000000000005,3.963589387109036,0.025,0.025,21.424223829236695,0.025,0.025,0.025,18.024820611600116,0.025,0.025000000000000005,0.025,0.025000000000000005,0.025,0.025,0.025,0.025000000000000005,0.025,0.025,0.025,0.025,63.12600652778461,0.025,0.025,0.025000000000000005,0.025,0.025,0.025,175.57609667857656,38.05240068617041,0.025,0.025,peity,2016-01
pygal,0.025000000000000005,0.025000000000000005,2892.6628353510537,1172.5596614469837,0.025000000000000005,0.025,0.025,0.025000000000000005,0.025,0.025000000000000005,0.025,0.025000000000000005,0.025,0.025,0.025,0.025,0.025,0.025000000000000005,309.81572580822456,0.025,0.025,0.025,0.025,0.025,0.025,0.025000000000000005,0.025000000000000005,0.025,0.025,3746.0520441427716,0.025000000000000005,0.025000000000000005,28.034733247754247,0.025,0.025000000000000005,0.025,0.025,0.025000000000000005,0.025,0.025,pygal,2016-01
rails,81.75422790525185,0.025000000000000005,0.025000000000000005,0.025000000000000005,0.025000000000000005,0.025000000000000005,0.025000000000000005,708.6363559482819,0.025000000000000005,2464.5198153207057,0.025,778.7402374617437,306.68657025708893,0.025,0.025,0.025000000000000005,160.17565853883042,0.025000000000000005,135918.3566629316,0.025,0.025000000000000005,0.025,0.025000000000000005,1.8108932664308446,31.68039293200079,238.838019929292,0.025000000000000005,77.67520286799133,493.14323715484005,48.294769042341294,42.87218433714239,0.025000000000000005,0.025000000000000005,0.025,0.025000000000000005,0.025,0.025000000000000005,0.025000000000000005,0.025,680.1907720336189,rails,2016-01
raw,0.025000000000000005,0.025000000000000005,629.5977885343154,0.025000000000000005,0.025000000000000005,0.025,0.025000000000000005,98.32718823796185,0.025000000000000005,0.025000000000000005,0.025,0.025,114.31505768411475,0.025,0.025,0.025,0.025000000000000005,0.025000000000000005,0.025000000000000005,0.025,0.025,0.025,0.025,0.025,0.025000000000000005,0.025000000000000005,0.025,0.025000000000000005,0.025,356.239404348745,0.025,66.35693562564609,0.025,0.025,0.025000000000000005,0.025,37.313625568376686,0.025000000000000005,0.025,0.025,raw,2016-01
recline,0.025000000000000005,313.2696996669146,136.32608245858975,59.90331314856686,341.22978669558984,0.025000000000000005,0.025000000000000005,616.3210908108196,37.227512521861314,83.40373503966788,0.025,147.1197793507431,33025.83985854594,0.025,0.025,29.498402593915078,11.952726634587217,0.025000000000000005,672.2969151825278,0.025,0.025000000000000005,0.025,0.025000000000000005,261.6342165240356,0.025000000000000005,0.025000000000000005,0.025000000000000005,0.025000000000000005,0.025000000000000005,112.13928438966339,1.7460688173058463,0.025000000000000005,512.5245570496534,0.025,1043.5757818553086,0.025,3076.0917114290023,24.374477265331784,0.025,0.025000000000000005,recline,2016-01
scikit-learn,0.025000000000000005,28.813075452009,0.025000000000000005,155.97837529235633,0.025000000000000005,0.025000000000000005,0.025000000000000005,0.025000000000000005,0.025000000000000005,0.025000000000000005,0.025,0.025000000000000005,0.025000000000000005,0.025,0.025,0.025,0.025000000000000005,0.025000000000000005,0.025000000000000005,0.025,0.025000000000000005,0.025,0.025,0.025000000000000005,0.025000000000000005,123820.16550259748,1039.1430466063423,0.025000000000000005,0.025000000000000005,0.025000000000000005,0.025000000000000005,0.025000000000000005,0.025000000000000005,0.025,0.025000000000000005,0.025,0.025000000000000005,0.025000000000000005,0.025,0.025000000000000005,scikit,2016-01
seldon-server,0.025,27522.578296358963,0.025,0.025,0.025000000000000005,0.025,0.025,0.025000000000000005,0.025,0.025,0.025,0.025000000000000005,0.025,0.025,0.025,0.025000000000000005,0.025,0.025000000000000005,140.8117149929619,0.025,0.025000000000000005,0.025,0.025,0.025000000000000005,0.025000000000000005,0.025,0.025,0.025,0.025000000000000005,94.78507279484863,0.025000000000000005,0.025,0.025000000000000005,0.025,0.025,0.025,0.025000000000000005,0.025000000000000005,0.025,3729.924915843802,seldon,2016-01
sharelatex,0.025,0.025000000000000005,8.603610769000007,0.025000000000000005,27.19232446363861,0.025,0.025000000000000005,142.04988205800896,0.025000000000000005,0.025,0.025,133.46071831961942,0.025,0.025,0.025,0.025,0.025,0.025,22.595838668170142,0.025,0.025000000000000005,0.025,0.025,69.01966504131474,16.86515713236595,0.025,0.025,0.025,0.025000000000000005,0.025,18.213928865433047,0.025,7.700455772969102,0.025,12.548418909315881,0.025,0.025,0.025000000000000005,0.025,0.025,sharelatex,2016-01
shogun,0.025000000000000005,0.025000000000000005,0.025,0.025000000000000005,0.025,0.025000000000000005,0.025,0.025,0.025,0.025,0.025,0.025,0.025,0.025,0.025,0.025000000000000005,0.025000000000000005,0.025000000000000005,0.025000000000000005,0.025,0.025000000000000005,0.025,0.025000000000000005,0.025000000000000005,0.025000000000000005,354.63290978103345,155518.417090172,0.025000000000000005,0.025000000000000005,0.025000000000000005,0.025000000000000005,0.025000000000000005,0.025,0.025,0.025,0.025,0.025,0.025,0.025,0.025000000000000005,shogun,2016-01
sigma.js,0.025000000000000005,14.108992930776074,0.025000000000000005,2277.441565555008,324.52573681860883,0.025000000000000005,0.025,98.09155795085027,1393.245879824457,0.025000000000000005,0.025,60.67767808559364,2006.7758666160503,0.025,0.025,0.025,0.025,0.025000000000000005,0.025000000000000005,0.025,0.025000000000000005,0.025,0.025000000000000005,0.025,0.025000000000000005,138.11973969042288,672.6735844342846,1188.6891435267491,37.06366049003711,2300.80562682557,300.1059672467087,0.025000000000000005,0.025000000000000005,0.025,0.025000000000000005,0.025,0.025000000000000005,0.025000000000000005,0.025,0.025000000000000005,sigma.js,2016-01
sinatra,0.025000000000000005,0.025,0.025,0.025000000000000005,0.025000000000000005,0.025,0.025,55.99187729400782,0.025000000000000005,192.16338887882947,0.025,0.025,0.025000000000000005,0.025,0.025,0.025,0.025,0.025,2816.2800512875515,0.025,0.025000000000000005,0.025,0.025000000000000005,0.025000000000000005,0.025000000000000005,0.025000000000000005,0.025,0.025,0.025,0.025000000000000005,0.025,0.025,0.025000000000000005,0.025,0.025,0.025,71.74631176622255,289.39059085173557,0.025,462.5777799195987,sinatra,2016-01
slap,0.025,9.958540652501767,0.025,0.025,164.8958444468344,0.025,94.04399140160984,0.025000000000000005,0.025,0.025,0.025,0.025,0.025,0.025,0.025,0.025,0.025,0.025000000000000005,0.025,0.025,0.025,0.025,0.025,0.025,0.025000000000000005,0.025,0.025,0.025,0.025,0.025,0.025,0.025,77.42340879050096,0.025,424.55993818090167,0.025,111.26827652741332,0.025,0.025,0.025,slap,2016-01
spring,0.025000000000000005,0.025000000000000005,0.025000000000000005,2.250096119222512,0.025000000000000005,1046.3745473541344,4587.311551027222,0.025000000000000005,3.2841465559765233,18882.91918749389,0.025,0.025000000000000005,0.025000000000000005,0.025,0.025,466.68059125468625,0.025000000000000005,200122.20384277485,0.025000000000000005,0.025,782.741487258719,0.025,277.49032907149143,3510.199993632483,396.924408626812,0.025000000000000005,0.025000000000000005,0.025000000000000005,153.91981872050974,0.025000000000000005,0.025000000000000005,0.025000000000000005,0.025000000000000005,0.025,0.025000000000000005,0.025,0.025000000000000005,0.025000000000000005,0.025,0.025000000000000005,spring,2016-01
spring-framework,0.025000000000000005,0.025000000000000005,0.025,0.025000000000000005,0.025000000000000005,0.025000000000000005,0.025000000000000005,0.025000000000000005,0.025000000000000005,0.025000000000000005,0.025,0.025000000000000005,0.025000000000000005,0.025,0.025,0.025000000000000005,0.025000000000000005,0.025000000000000005,38.33101802522126,0.025,0.025000000000000005,0.025,0.025000000000000005,0.025000000000000005,0.025000000000000005,0.025000000000000005,0.025000000000000005,0.025000000000000005,0.025000000000000005,0.025000000000000005,0.025000000000000005,0.025000000000000005,0.025000000000000005,0.025,0.025000000000000005,0.025,0.025000000000000005,0.025000000000000005,0.025,628115.7189817207,spring,2016-01
superpowers-core,0.025,0.025,0.025,0.025,0.025000000000000005,0.025,0.025000000000000005,0.025000000000000005,0.025,0.025000000000000005,0.025,16277.024999996367,0.025,0.025,0.025,0.025,0.025,0.025,0.025000000000000005,0.025,0.025,0.025,0.025,0.025,0.025,0.025,0.025,0.025,0.025,0.025,0.025,0.025,0.025000000000000005,0.025,0.02500000000000274,0.025,0.025000000000000005,0.025,0.025,0.025,superpowers,2016-01
symfony,0.025000000000000005,0.025000000000000005,0.025000000000000005,0.025000000000000005,622.9110649210753,0.025000000000000005,0.025000000000000005,136.46181765727258,0.025000000000000005,0.025000000000000005,0.025,0.025000000000000005,0.025000000000000005,0.025,0.025,36.796844235257396,0.025000000000000005,0.025000000000000005,125404.56878839903,0.025,0.025000000000000005,0.025,0.025000000000000005,0.025000000000000005,0.025000000000000005,0.025000000000000005,210.93776541613778,0.025000000000000005,0.025000000000000005,0.025000000000000005,0.025000000000000005,143.18061648327776,0.025000000000000005,0.025,0.025000000000000005,0.025,0.025000000000000005,0.025000000000000005,0.025,3647.318102839223,symfony,2016-01
tensorflow,0.025000000000000005,573.1604892073116,0.025,0.025000000000000005,0.025000000000000005,0.025000000000000005,0.025000000000000005,0.025000000000000005,0.025000000000000005,0.025000000000000005,0.025,0.025000000000000005,0.025,0.025,0.025,0.025000000000000005,0.025000000000000005,0.025000000000000005,0.025000000000000005,0.025,121577.66572889415,0.025,0.025000000000000005,0.025000000000000005,0.025000000000000005,0.025000000000000005,9.162902131280225,0.025000000000000005,0.025000000000000005,0.025000000000000005,0.025000000000000005,0.025000000000000005,0.025000000000000005,0.025,0.025,0.025,0.025,0.025000000000000005,0.025,247.11087971847545,tensorflow,2016-01
textmate,0.025,0.025000000000000005,0.025,0.025,0.025000000000000005,0.025,466.86180397085644,0.025000000000000005,0.025,0.025,0.025,0.025000000000000005,0.025,0.025,0.025,8260.54373797469,38.467221655115424,0.025,2026.2683666729079,0.025,0.025000000000000005,0.025,171.00774429612946,0.025000000000000005,0.025000000000000005,150.3620805422584,157.70296557424635,0.025000000000000005,0.025,0.025,0.025000000000000005,0.025,732.2407333332636,0.025,1292.5232229603694,0.025,166.82691821404805,8826.470204798075,0.025,0.025000000000000005,textmate,2016-01
turbulenz_engine,0.025000000000000005,0.025000000000000005,0.025,0.025000000000000005,16620.007942270513,23081.739245027868,0.025,0.025,1303.6860189628205,1735.6716723055993,0.025,0.025,0.025,0.025,0.025,0.025,0.025000000000000005,2509.719798267685,0.025,0.025,2730.889056828489,0.025,0.025,0.025000000000000005,0.025,78.45392845200983,0.025000000000000005,45481.71181367571,0.025000000000000005,0.025000000000000005,0.025000000000000005,1698.345524175896,0.025,0.025,0.025,0.025,0.025,0.025,0.025,0.025,turbulenz,2016-01
untrusted,0.025000000000000005,0.025000000000000005,0.025000000000000005,0.025000000000000005,2786.7287131119983,0.025000000000000005,2657.2627454381513,108.67373211385988,1964.9830358771637,3259.147031708214,0.025,0.025000000000000005,753.6190337807827,0.025,0.025,0.025000000000000005,0.025000000000000005,12.720832757468195,0.025000000000000005,0.025,0.025000000000000005,0.025,0.025000000000000005,0.025000000000000005,525.933650626733,55.64492734069757,0.025000000000000005,0.025000000000000005,12.334632800659433,0.025000000000000005,14.793637576485757,184.84767096862797,890.6208243632432,0.025,1859.9032076669105,0.025,10194.232858252137,137.95346560320925,0.025,0.025000000000000005,untrusted,2016-01
vim.js,0.025000000000000005,0.025000000000000005,0.025000000000000005,0.025000000000000005,0.025000000000000005,0.025000000000000005,107011.86357281299,0.025000000000000005,0.025000000000000005,0.025000000000000005,0.025,0.025000000000000005,0.025000000000000005,0.025,0.025,0.025000000000000005,0.025000000000000005,0.025000000000000005,0.025000000000000005,0.025,0.025000000000000005,0.025,0.025000000000000005,0.025000000000000005,0.025000000000000005,0.025000000000000005,0.025000000000000005,0.025000000000000005,0.025000000000000005,0.025000000000000005,0.025000000000000005,0.025000000000000005,42.18642714368123,0.025,0.025000000000000005,0.025,0.025000000000000005,0.025000000000000005,0.025,0.025000000000000005,vim.js,2016-01
web2py,0.025000000000000005,0.025000000000000005,67.56021984764911,534.2328782689536,0.025000000000000005,0.025000000000000005,1076.9264864371712,18155.270208573933,0.025000000000000005,1589.157454433618,0.025,40.17694011323634,0.025000000000000005,0.025,0.025,0.025000000000000005,0.025000000000000005,0.08185629782907874,24743.89663778981,0.025,0.025000000000000005,0.025,0.025000000000000005,2209.579958524183,7908.610848274746,0.025000000000000005,0.025000000000000005,0.025000000000000005,0.025000000000000005,0.025000000000000005,0.025000000000000005,0.025000000000000005,3002.1435661358296,0.025,0.025000000000000005,0.025,62.57163790467096,13654.1163073562,0.025,0.025000000000000005,web2py,2016-01
xenko,447292.4873382773,71.53230141971518,0.025000000000000005,0.025000000000000005,0.025000000000000005,15.782412841863302,0.025000000000000005,0.025000000000000005,0.025000000000000005,0.025000000000000005,0.025,190.65694294368734,0.025000000000000005,0.025,0.025,1679.0387008879006,115.43349618929614,34.77279970983706,0.025000000000000005,0.025,0.025000000000000005,0.025,1656.4071813081794,0.025000000000000005,0.025000000000000005,0.025000000000000005,0.025000000000000005,6720.480715105123,677.4434631847138,0.025000000000000005,0.025000000000000005,0.025000000000000005,0.025000000000000005,0.025,116.4972734393958,0.025,0.025000000000000005,0.025000000000000005,0.025,95.76737449037888,xenko,2016-01
xgboost,94.05810625292244,0.025000000000000005,0.025,0.025,0.025,0.025000000000000005,0.025000000000000005,0.025000000000000005,0.025,0.025000000000000005,0.025,0.025,0.025,0.025,0.025,0.025,0.025,0.025000000000000005,0.025,0.025,936.0722850329045,0.025,0.025,0.025000000000000005,503.7464844063267,1637.5991577037819,0.025000000000000005,37.61511800228115,1790.0588486003903,0.025,0.025,0.025,0.025,0.025,0.025000000000000005,0.025,0.025,0.025000000000000005,0.025,0.025000000000000005,xgboost,2016-01
zed,0.025000000000000005,0.025000000000000005,0.025000000000000005,0.025,27790.106902059284,0.025000000000000005,0.025000000000000005,253.06090940490435,0.025,0.025000000000000005,0.025,0.02500000000000003,0.025000000000000005,0.025,0.025,0.025000000000000005,0.025000000000000005,0.025000000000000005,504.0806063047841,0.025,0.025000000000000005,0.025,0.025000000000000005,0.025000000000000005,0.025000000000000005,0.025000000000000005,0.025000000000000005,0.025,0.025000000000000005,0.025000000000000005,0.025000000000000005,0.025000000000000005,547.8641134197395,0.025,789.5369018857632,0.025,3929.1525597369155,418.3730071745307,0.025,0.025000000000000005,zed,2016-01
